"uri","type","dc.id","collection","notation","prefLabel","altLabel","broader","broaderTransitive","broadMatch","changeNote","closeMatch","definition","editorialNote","exactMatch","example","hiddenLabel","historyNote","inScheme","mappingRelation","note","related","relatedMatch","scopeNote","semanticRelation","topConceptOf"
"colt:bgggkeuze","skos:Collection","bgggkeuze",,,"Collectie van bgggkeuze.",,,,,,,,,,,,,"cs","bgggkeuze",,,,,,
"ct:1","skos:Concept","1","colt:bgggkeuze",,"fijn grind",,,,,,,,,,,,,"cs:bgggkeuze",,,,,,,"cs:bgggkeuze"
"ct:10","skos:Concept","10","colt:bgggkeuze",,"grind en leemh. grofzand",,,,,,,,,,,,,"cs:bgggkeuze",,,,,,,"cs:bgggkeuze"
"ct:100","skos:Concept","100","colt:bgggkeuze",,"kalkh. weinig humush. grindh. weinig leemh. zand",,,,,,,,,,,,,"cs:bgggkeuze",,,,,,,"cs:bgggkeuze"
"ct:101","skos:Concept","101","colt:bgggkeuze",,"kalkh. weinig humush. grindh. zandh. klei",,,,,,,,,,,,,"cs:bgggkeuze",,,,,,,"cs:bgggkeuze"
"ct:1018","skos:Concept","1018","colt:bgggkeuze",,"sterk kalkh. weinig leemh. fijnzand",,,,,,,,,,,,,"cs:bgggkeuze",,,,,,,"cs:bgggkeuze"
"ct:1019","skos:Concept","1019","colt:bgggkeuze",,"weinig kalkh. sterk humush. weinig leemh. grofzand",,,,,,,,,,,,,"cs:bgggkeuze",,,,,,,"cs:bgggkeuze"
"ct:102","skos:Concept","102","colt:bgggkeuze",,"kalkh. weinig humush. klei",,,,,,,,,,,,,"cs:bgggkeuze",,,,,,,"cs:bgggkeuze"
"ct:1020","skos:Concept","1020","colt:bgggkeuze",,"kalkh. sterk humush. weinig plastisch leem of silt",,,,,,,,,,,,,"cs:bgggkeuze",,,,,,,"cs:bgggkeuze"
"ct:1021","skos:Concept","1021","colt:bgggkeuze",,"kalkh. weinig leemh. fijnzand à weinig plastisch zandh. leem of zandh. silt",,,,,,,,,,,,,"cs:bgggkeuze",,,,,,,"cs:bgggkeuze"
"ct:1022","skos:Concept","1022","colt:bgggkeuze",,"kalkh. sterk humush. weinig plastisch zandh. leem of zandh. silt",,,,,,,,,,,,,"cs:bgggkeuze",,,,,,,"cs:bgggkeuze"
"ct:103","skos:Concept","103","colt:bgggkeuze",,"kalkh. weinig humush. kleih. fijnzand",,,,,,,,,,,,,"cs:bgggkeuze",,,,,,,"cs:bgggkeuze"
"ct:104","skos:Concept","104","colt:bgggkeuze",,"kalkh. weinig humush. kleih. grofzand",,,,,,,,,,,,,"cs:bgggkeuze",,,,,,,"cs:bgggkeuze"
"ct:105","skos:Concept","105","colt:bgggkeuze",,"kalkh. weinig humush. kleih. zand",,,,,,,,,,,,,"cs:bgggkeuze",,,,,,,"cs:bgggkeuze"
"ct:106","skos:Concept","106","colt:bgggkeuze",,"kalkh. weinig humush. leem",,,,,,,,,,,,,"cs:bgggkeuze",,,,,,,"cs:bgggkeuze"
"ct:107","skos:Concept","107","colt:bgggkeuze",,"kalkh. weinig humush. leemh. fijnzand",,,,,,,,,,,,,"cs:bgggkeuze",,,,,,,"cs:bgggkeuze"
"ct:108","skos:Concept","108","colt:bgggkeuze",,"kalkh. weinig humush. leemh. zand",,,,,,,,,,,,,"cs:bgggkeuze",,,,,,,"cs:bgggkeuze"
"ct:109","skos:Concept","109","colt:bgggkeuze",,"kalkh. weinig humush. weinig kleih. fijnzand",,,,,,,,,,,,,"cs:bgggkeuze",,,,,,,"cs:bgggkeuze"
"ct:11","skos:Concept","11","colt:bgggkeuze",,"grind en leemh. zand",,,,,,,,,,,,,"cs:bgggkeuze",,,,,,,"cs:bgggkeuze"
"ct:110","skos:Concept","110","colt:bgggkeuze",,"kalkh. weinig humush. weinig kleih. zand",,,,,,,,,,,,,"cs:bgggkeuze",,,,,,,"cs:bgggkeuze"
"ct:111","skos:Concept","111","colt:bgggkeuze",,"kalkh. weinig humush. weinig leemh. fijnzand",,,,,,,,,,,,,"cs:bgggkeuze",,,,,,,"cs:bgggkeuze"
"ct:112","skos:Concept","112","colt:bgggkeuze",,"kalkh. weinig humush. zand",,,,,,,,,,,,,"cs:bgggkeuze",,,,,,,"cs:bgggkeuze"
"ct:113","skos:Concept","113","colt:bgggkeuze",,"kalkh. weinig humush. zandh. klei",,,,,,,,,,,,,"cs:bgggkeuze",,,,,,,"cs:bgggkeuze"
"ct:114","skos:Concept","114","colt:bgggkeuze",,"kalkh. weinig humush. zandh. leem",,,,,,,,,,,,,"cs:bgggkeuze",,,,,,,"cs:bgggkeuze"
"ct:115","skos:Concept","115","colt:bgggkeuze",,"kalkh. weinig kleih. fijnzand",,,,,,,,,,,,,"cs:bgggkeuze",,,,,,,"cs:bgggkeuze"
"ct:116","skos:Concept","116","colt:bgggkeuze",,"kalkh. weinig kleih. grofzand",,,,,,,,,,,,,"cs:bgggkeuze",,,,,,,"cs:bgggkeuze"
"ct:117","skos:Concept","117","colt:bgggkeuze",,"kalkh. weinig kleih. zand",,,,,,,,,,,,,"cs:bgggkeuze",,,,,,,"cs:bgggkeuze"
"ct:118","skos:Concept","118","colt:bgggkeuze",,"kalkh. weinig leemh. fijnzand",,,,,,,,,,,,,"cs:bgggkeuze",,,,,,,"cs:bgggkeuze"
"ct:119","skos:Concept","119","colt:bgggkeuze",,"kalkh. weinig leemh. grofzand",,,,,,,,,,,,,"cs:bgggkeuze",,,,,,,"cs:bgggkeuze"
"ct:12","skos:Concept","12","colt:bgggkeuze",,"grind en weinig kleih. grofzand",,,,,,,,,,,,,"cs:bgggkeuze",,,,,,,"cs:bgggkeuze"
"ct:120","skos:Concept","120","colt:bgggkeuze",,"kalkh. weinig leemh. grofzand met grind",,,,,,,,,,,,,"cs:bgggkeuze",,,,,,,"cs:bgggkeuze"
"ct:121","skos:Concept","121","colt:bgggkeuze",,"kalkh. weinig leemh. of kleih. fijnzand",,,,,,,,,,,,,"cs:bgggkeuze",,,,,,,"cs:bgggkeuze"
"ct:122","skos:Concept","122","colt:bgggkeuze",,"kalkh. weinig leemh. zand",,,,,,,,,,,,,"cs:bgggkeuze",,,,,,,"cs:bgggkeuze"
"ct:123","skos:Concept","123","colt:bgggkeuze",,"kalkh. weinig plastisch leem of silt",,,,,,,,,,,,,"cs:bgggkeuze",,,,,,,"cs:bgggkeuze"
"ct:124","skos:Concept","124","colt:bgggkeuze",,"kalkh. weinig plastisch zandh. leem of zandh. silt",,,,,,,,,,,,,"cs:bgggkeuze",,,,,,,"cs:bgggkeuze"
"ct:126","skos:Concept","126","colt:bgggkeuze",,"kalkh. zand",,,,,,,,,,,,,"cs:bgggkeuze",,,,,,,"cs:bgggkeuze"
"ct:127","skos:Concept","127","colt:bgggkeuze",,"kalkh. zandh. klei",,,,,,,,,,,,,"cs:bgggkeuze",,,,,,,"cs:bgggkeuze"
"ct:128","skos:Concept","128","colt:bgggkeuze",,"kalkh. zandh. leem",,,,,,,,,,,,,"cs:bgggkeuze",,,,,,,"cs:bgggkeuze"
"ct:129","skos:Concept","129","colt:bgggkeuze",,"kalkh. zandh. weinig plastisch leem of silt",,,,,,,,,,,,,"cs:bgggkeuze",,,,,,,"cs:bgggkeuze"
"ct:13","skos:Concept","13","colt:bgggkeuze",,"grind en weinig leemh. grofzand",,,,,,,,,,,,,"cs:bgggkeuze",,,,,,,"cs:bgggkeuze"
"ct:130","skos:Concept","130","colt:bgggkeuze",,"kalksteen of krijt",,,,,,,,,,,,,"cs:bgggkeuze",,,,,,,"cs:bgggkeuze"
"ct:131","skos:Concept","131","colt:bgggkeuze",,"kalktuf",,,,,,,,,,,,,"cs:bgggkeuze",,,,,,,"cs:bgggkeuze"
"ct:132","skos:Concept","132","colt:bgggkeuze",,"kalktuf en schelpfragmenten weinig zandh.",,,,,,,,,,,,,"cs:bgggkeuze",,,,,,,"cs:bgggkeuze"
"ct:133","skos:Concept","133","colt:bgggkeuze",,"klei",,,,,,,,,,,,,"cs:bgggkeuze",,,,,,,"cs:bgggkeuze"
"ct:134","skos:Concept","134","colt:bgggkeuze",,"kleih. fijnzand",,,,,,,,,,,,,"cs:bgggkeuze",,,,,,,"cs:bgggkeuze"
"ct:135","skos:Concept","135","colt:bgggkeuze",,"kleih. fijnzand met grind",,,,,,,,,,,,,"cs:bgggkeuze",,,,,,,"cs:bgggkeuze"
"ct:1353","skos:Concept","1353","colt:bgggkeuze",,"sterk kalkh. of schelph. grindh. grofzand",,,,,,,,,,,,,"cs:bgggkeuze",,,,,,,"cs:bgggkeuze"
"ct:1354","skos:Concept","1354","colt:bgggkeuze",,"sterk kalkh. of schelph. sterk humush. klei",,,,,,,,,,,,,"cs:bgggkeuze",,,,,,,"cs:bgggkeuze"
"ct:1355","skos:Concept","1355","colt:bgggkeuze",,"schelpengruish. zand",,,,,,,,,,,,,"cs:bgggkeuze",,,,,,,"cs:bgggkeuze"
"ct:1356","skos:Concept","1356","colt:bgggkeuze",,"sterk schelpengruish. zand",,,,,,,,,,,,,"cs:bgggkeuze",,,,,,,"cs:bgggkeuze"
"ct:1357","skos:Concept","1357","colt:bgggkeuze",,"weinig humush. weinig kalkh. grind en weinig kleih. zand",,,,,,,,,,,,,"cs:bgggkeuze",,,,,,,"cs:bgggkeuze"
"ct:1358","skos:Concept","1358","colt:bgggkeuze",,"weinig humush. weinig kalkh. klei",,,,,,,,,,,,,"cs:bgggkeuze",,,,,,,"cs:bgggkeuze"
"ct:136","skos:Concept","136","colt:bgggkeuze",,"kleih. grofzand",,,,,,,,,,,,,"cs:bgggkeuze",,,,,,,"cs:bgggkeuze"
"ct:137","skos:Concept","137","colt:bgggkeuze",,"kleih. weinig kalkh. zand",,,,,,,,,,,,,"cs:bgggkeuze",,,,,,,"cs:bgggkeuze"
"ct:138","skos:Concept","138","colt:bgggkeuze",,"kleih. zand",,,,,,,,,,,,,"cs:bgggkeuze",,,,,,,"cs:bgggkeuze"
"ct:139","skos:Concept","139","colt:bgggkeuze",,"kleih. zand met grind",,,,,,,,,,,,,"cs:bgggkeuze",,,,,,,"cs:bgggkeuze"
"ct:1392","skos:Concept","1392","colt:bgggkeuze",,"glauconieth. zand",,,,,,,,,,,,,"cs:bgggkeuze",,,,,,,"cs:bgggkeuze"
"ct:14","skos:Concept","14","colt:bgggkeuze",,"grind en zand",,,,,,,,,,,,,"cs:bgggkeuze",,,,,,,"cs:bgggkeuze"
"ct:140","skos:Concept","140","colt:bgggkeuze",,"leem",,,,,,,,,,,,,"cs:bgggkeuze",,,,,,,"cs:bgggkeuze"
"ct:141","skos:Concept","141","colt:bgggkeuze",,"leemh. fijnzand",,,,,,,,,,,,,"cs:bgggkeuze",,,,,,,"cs:bgggkeuze"
"ct:142","skos:Concept","142","colt:bgggkeuze",,"leemh. grofzand",,,,,,,,,,,,,"cs:bgggkeuze",,,,,,,"cs:bgggkeuze"
"ct:143","skos:Concept","143","colt:bgggkeuze",,"leemh. slibh. fijnzand",,,,,,,,,,,,,"cs:bgggkeuze",,,,,,,"cs:bgggkeuze"
"ct:144","skos:Concept","144","colt:bgggkeuze",,"leemh. slibh. fijnzand met slibmoten",,,,,,,,,,,,,"cs:bgggkeuze",,,,,,,"cs:bgggkeuze"
"ct:145","skos:Concept","145","colt:bgggkeuze",,"leemh. sterk slibh. fijnzand",,,,,,,,,,,,,"cs:bgggkeuze",,,,,,,"cs:bgggkeuze"
"ct:146","skos:Concept","146","colt:bgggkeuze",,"leemh. weinig slibh. fijnzand",,,,,,,,,,,,,"cs:bgggkeuze",,,,,,,"cs:bgggkeuze"
"ct:147","skos:Concept","147","colt:bgggkeuze",,"leemh. zand",,,,,,,,,,,,,"cs:bgggkeuze",,,,,,,"cs:bgggkeuze"
"ct:148","skos:Concept","148","colt:bgggkeuze",,"mergel",,,,,,,,,,,,,"cs:bgggkeuze",,,,,,,"cs:bgggkeuze"
"ct:149","skos:Concept","149","colt:bgggkeuze",,"schelpengruish. humush. zandh. klei",,,,,,,,,,,,,"cs:bgggkeuze",,,,,,,"cs:bgggkeuze"
"ct:15","skos:Concept","15","colt:bgggkeuze",,"grind en zandh. klei",,,,,,,,,,,,,"cs:bgggkeuze",,,,,,,"cs:bgggkeuze"
"ct:150","skos:Concept","150","colt:bgggkeuze",,"schelpengruish. klei",,,,,,,,,,,,,"cs:bgggkeuze",,,,,,,"cs:bgggkeuze"
"ct:151","skos:Concept","151","colt:bgggkeuze",,"schelph. fijnzand",,,,,,,,,,,,,"cs:bgggkeuze",,,,,,,"cs:bgggkeuze"
"ct:152","skos:Concept","152","colt:bgggkeuze",,"schelph. grofzand",,,,,,,,,,,,,"cs:bgggkeuze",,,,,,,"cs:bgggkeuze"
"ct:153","skos:Concept","153","colt:bgggkeuze",,"schelph. humush. grindh. leemh. zand",,,,,,,,,,,,,"cs:bgggkeuze",,,,,,,"cs:bgggkeuze"
"ct:154","skos:Concept","154","colt:bgggkeuze",,"schelph. humush. zandh. klei",,,,,,,,,,,,,"cs:bgggkeuze",,,,,,,"cs:bgggkeuze"
"ct:155","skos:Concept","155","colt:bgggkeuze",,"schelph. kleih. fijnzand",,,,,,,,,,,,,"cs:bgggkeuze",,,,,,,"cs:bgggkeuze"
"ct:156","skos:Concept","156","colt:bgggkeuze",,"schelph. kleih. grofzand",,,,,,,,,,,,,"cs:bgggkeuze",,,,,,,"cs:bgggkeuze"
"ct:157","skos:Concept","157","colt:bgggkeuze",,"schelph. kleih. zand",,,,,,,,,,,,,"cs:bgggkeuze",,,,,,,"cs:bgggkeuze"
"ct:158","skos:Concept","158","colt:bgggkeuze",,"schelph. leemh. fijnzand",,,,,,,,,,,,,"cs:bgggkeuze",,,,,,,"cs:bgggkeuze"
"ct:159","skos:Concept","159","colt:bgggkeuze",,"schelph. leemh. zand",,,,,,,,,,,,,"cs:bgggkeuze",,,,,,,"cs:bgggkeuze"
"ct:1593","skos:Concept","1593","colt:bgggkeuze",,"grindh. leemh. grofzand à zandh. leem",,,,,,,,,,,,,"cs:bgggkeuze",,,,,,,"cs:bgggkeuze"
"ct:1594","skos:Concept","1594","colt:bgggkeuze",,"grindh. weinig leemh. zand à weinig plastisch zandh. leem of zandh. silt",,,,,,,,,,,,,"cs:bgggkeuze",,,,,,,"cs:bgggkeuze"
"ct:1595","skos:Concept","1595","colt:bgggkeuze",,"sterk kalkh. of schelph. grindh. kleih. grofzand",,,,,,,,,,,,,"cs:bgggkeuze",,,,,,,"cs:bgggkeuze"
"ct:1596","skos:Concept","1596","colt:bgggkeuze",,"sterk kalkh. of schelph. weinig kleih. grofzand",,,,,,,,,,,,,"cs:bgggkeuze",,,,,,,"cs:bgggkeuze"
"ct:1597","skos:Concept","1597","colt:bgggkeuze",,"sterk kalkh. of schelph. grindh. weinig kleih. grofzand",,,,,,,,,,,,,"cs:bgggkeuze",,,,,,,"cs:bgggkeuze"
"ct:1598","skos:Concept","1598","colt:bgggkeuze",,"sterk kalkh. en schelph. weinig humush. zandh. klei",,,,,,,,,,,,,"cs:bgggkeuze",,,,,,,"cs:bgggkeuze"
"ct:1599","skos:Concept","1599","colt:bgggkeuze",,"sterk schelph. grofzand",,,,,,,,,,,,,"cs:bgggkeuze",,,,,,,"cs:bgggkeuze"
"ct:16","skos:Concept","16","colt:bgggkeuze",,"grindh. fijnzand",,,,,,,,,,,,,"cs:bgggkeuze",,,,,,,"cs:bgggkeuze"
"ct:160","skos:Concept","160","colt:bgggkeuze",,"schelph. weinig humush. kleih. fijnzand",,,,,,,,,,,,,"cs:bgggkeuze",,,,,,,"cs:bgggkeuze"
"ct:1600","skos:Concept","1600","colt:bgggkeuze",,"weinig humush. grindh. zandh. klei",,,,,,,,,,,,,"cs:bgggkeuze",,,,,,,"cs:bgggkeuze"
"ct:1601","skos:Concept","1601","colt:bgggkeuze",,"weinig kleih. fijnzand à zandh. silt",,,,,,,,,,,,,"cs:bgggkeuze",,,,,,,"cs:bgggkeuze"
"ct:1602","skos:Concept","1602","colt:bgggkeuze",,"weinig kalkh. grind en grofzand",,,,,,,,,,,,,"cs:bgggkeuze",,,,,,,"cs:bgggkeuze"
"ct:1603","skos:Concept","1603","colt:bgggkeuze",,"weinig kalkh. fijn grind en grofzand",,,,,,,,,,,,,"cs:bgggkeuze",,,,,,,"cs:bgggkeuze"
"ct:1604","skos:Concept","1604","colt:bgggkeuze",,"zandh. leem met grind",,,,,,,,,,,,,"cs:bgggkeuze",,,,,,,"cs:bgggkeuze"
"ct:1605","skos:Concept","1605","colt:bgggkeuze",,"kalkh. zandh leem à kalkh. leemh. fijnzand",,,,,,,,,,,,,"cs:bgggkeuze",,,,,,,"cs:bgggkeuze"
"ct:1606","skos:Concept","1606","colt:bgggkeuze",,"zandh. klei met grind",,,,,,,,,,,,,"cs:bgggkeuze",,,,,,,"cs:bgggkeuze"
"ct:1607","skos:Concept","1607","colt:bgggkeuze",,"weinig kalkh. zandh. weinig plastisch leem of silt",,,,,,,,,,,,,"cs:bgggkeuze",,,,,,,"cs:bgggkeuze"
"ct:1608","skos:Concept","1608","colt:bgggkeuze",,"zand met grind",,,,,,,,,,,,,"cs:bgggkeuze",,,,,,,"cs:bgggkeuze"
"ct:1609","skos:Concept","1609","colt:bgggkeuze",,"kalkh. humush. leemh. zand",,,,,,,,,,,,,"cs:bgggkeuze",,,,,,,"cs:bgggkeuze"
"ct:161","skos:Concept","161","colt:bgggkeuze",,"schelph. weinig humush. weinig leemh. zand",,,,,,,,,,,,,"cs:bgggkeuze",,,,,,,"cs:bgggkeuze"
"ct:1610","skos:Concept","1610","colt:bgggkeuze",,"weinig kalkh. fijn grind en zand",,,,,,,,,,,,,"cs:bgggkeuze",,,,,,,"cs:bgggkeuze"
"ct:1611","skos:Concept","1611","colt:bgggkeuze",,"kalkh. leemh. zand met grind",,,,,,,,,,,,,"cs:bgggkeuze",,,,,,,"cs:bgggkeuze"
"ct:1612","skos:Concept","1612","colt:bgggkeuze",,"weinig kalkh. weinig kleih. fijnzand à zandh. leem",,,,,,,,,,,,,"cs:bgggkeuze",,,,,,,"cs:bgggkeuze"
"ct:1613","skos:Concept","1613","colt:bgggkeuze",,"weinig humush. weinig kleih. fijnzand",,,,,,,,,,,,,"cs:bgggkeuze",,,,,,,"cs:bgggkeuze"
"ct:1615","skos:Concept","1615","colt:bgggkeuze",,"weinig kalkh. grind en zand",,,,,,,,,,,,,"cs:bgggkeuze",,,,,,,"cs:bgggkeuze"
"ct:1616","skos:Concept","1616","colt:bgggkeuze",,"weinig kalkh. kleih. zand met grind",,,,,,,,,,,,,"cs:bgggkeuze",,,,,,,"cs:bgggkeuze"
"ct:1617","skos:Concept","1617","colt:bgggkeuze",,"weinig kalkh. humush. weinig kleih. fijnzand",,,,,,,,,,,,,"cs:bgggkeuze",,,,,,,"cs:bgggkeuze"
"ct:1618","skos:Concept","1618","colt:bgggkeuze",,"grindh. weinig leemh. fijnzand",,,,,,,,,,,,,"cs:bgggkeuze",,,,,,,"cs:bgggkeuze"
"ct:1619","skos:Concept","1619","colt:bgggkeuze",,"kalkh. fijn grind en zandh. klei",,,,,,,,,,,,,"cs:bgggkeuze",,,,,,,"cs:bgggkeuze"
"ct:162","skos:Concept","162","colt:bgggkeuze",,"schelph. weinig humush. zandh. klei",,,,,,,,,,,,,"cs:bgggkeuze",,,,,,,"cs:bgggkeuze"
"ct:1620","skos:Concept","1620","colt:bgggkeuze",,"kalkh. weinig humush. grindh. leemh. fijnzand",,,,,,,,,,,,,"cs:bgggkeuze",,,,,,,"cs:bgggkeuze"
"ct:1621","skos:Concept","1621","colt:bgggkeuze",,"humush. weinig leemh. fijnzand",,,,,,,,,,,,,"cs:bgggkeuze",,,,,,,"cs:bgggkeuze"
"ct:1623","skos:Concept","1623","colt:bgggkeuze",,"weinig kleih. weinig humush. weinig kalkh. fijnzand à zandh. silt",,,,,,,,,,,,,"cs:bgggkeuze",,,,,,,"cs:bgggkeuze"
"ct:163","skos:Concept","163","colt:bgggkeuze",,"schelph. weinig kleih. fijnzand",,,,,,,,,,,,,"cs:bgggkeuze",,,,,,,"cs:bgggkeuze"
"ct:164","skos:Concept","164","colt:bgggkeuze",,"schelph. weinig kleih. grofzand",,,,,,,,,,,,,"cs:bgggkeuze",,,,,,,"cs:bgggkeuze"
"ct:165","skos:Concept","165","colt:bgggkeuze",,"schelph. weinig leemh. zand",,,,,,,,,,,,,"cs:bgggkeuze",,,,,,,"cs:bgggkeuze"
"ct:166","skos:Concept","166","colt:bgggkeuze",,"schelph. zand",,,,,,,,,,,,,"cs:bgggkeuze",,,,,,,"cs:bgggkeuze"
"ct:167","skos:Concept","167","colt:bgggkeuze",,"schelph. zand met grind",,,,,,,,,,,,,"cs:bgggkeuze",,,,,,,"cs:bgggkeuze"
"ct:168","skos:Concept","168","colt:bgggkeuze",,"slib",,,,,,,,,,,,,"cs:bgggkeuze",,,,,,,"cs:bgggkeuze"
"ct:1685","skos:Concept","1685","colt:bgggkeuze",,"sterk kalkh. fijnzand à zand",,,,,,,,,,,,,"cs:bgggkeuze",,,,,,,"cs:bgggkeuze"
"ct:1686","skos:Concept","1686","colt:bgggkeuze",,"zandh. silt",,,,,,,,,,,,,"cs:bgggkeuze",,,,,,,"cs:bgggkeuze"
"ct:1687","skos:Concept","1687","colt:bgggkeuze",,"weinig kleih. à leemh. fijnzand",,,,,,,,,,,,,"cs:bgggkeuze",,,,,,,"cs:bgggkeuze"
"ct:1688","skos:Concept","1688","colt:bgggkeuze",,"kalkh. weinig kleih. fijnzand à kalkh. zandh. silt",,,,,,,,,,,,,"cs:bgggkeuze",,,,,,,"cs:bgggkeuze"
"ct:1689","skos:Concept","1689","colt:bgggkeuze",,"kalkh. silt",,,,,,,,,,,,,"cs:bgggkeuze",,,,,,,"cs:bgggkeuze"
"ct:169","skos:Concept","169","colt:bgggkeuze",,"slib of leem",,,,,,,,,,,,,"cs:bgggkeuze",,,,,,,"cs:bgggkeuze"
"ct:1690","skos:Concept","1690","colt:bgggkeuze",,"sterk kalkh. of schelph. klei",,,,,,,,,,,,,"cs:bgggkeuze",,,,,,,"cs:bgggkeuze"
"ct:1691","skos:Concept","1691","colt:bgggkeuze",,"kalkh. zandh. silt",,,,,,,,,,,,,"cs:bgggkeuze",,,,,,,"cs:bgggkeuze"
"ct:1692","skos:Concept","1692","colt:bgggkeuze",,"sterk kalkh. humush. kleih. fijnzand",,,,,,,,,,,,,"cs:bgggkeuze",,,,,,,"cs:bgggkeuze"
"ct:1693","skos:Concept","1693","colt:bgggkeuze",,"weinig kalkh. sterk humush. weinig leemh. fijnzand",,,,,,,,,,,,,"cs:bgggkeuze",,,,,,,"cs:bgggkeuze"
"ct:1694","skos:Concept","1694","colt:bgggkeuze",,"kalkh. weinig zandh. leem",,,,,,,,,,,,,"cs:bgggkeuze",,,,,,,"cs:bgggkeuze"
"ct:1695","skos:Concept","1695","colt:bgggkeuze",,"kalkh. leemh. à kleih. fijnzand",,,,,,,,,,,,,"cs:bgggkeuze",,,,,,,"cs:bgggkeuze"
"ct:1696","skos:Concept","1696","colt:bgggkeuze",,"weinig leemh. grofzand à weinig plastisch zandh. leem of zandh. silt",,,,,,,,,,,,,"cs:bgggkeuze",,,,,,,"cs:bgggkeuze"
"ct:17","skos:Concept","17","colt:bgggkeuze",,"grindh. grofzand",,,,,,,,,,,,,"cs:bgggkeuze",,,,,,,"cs:bgggkeuze"
"ct:170","skos:Concept","170","colt:bgggkeuze",,"sterk humush. klei",,,,,,,,,,,,,"cs:bgggkeuze",,,,,,,"cs:bgggkeuze"
"ct:171","skos:Concept","171","colt:bgggkeuze",,"sterk humush. leemh. fijnzand",,,,,,,,,,,,,"cs:bgggkeuze",,,,,,,"cs:bgggkeuze"
"ct:172","skos:Concept","172","colt:bgggkeuze",,"sterk humush. leemh. zand",,,,,,,,,,,,,"cs:bgggkeuze",,,,,,,"cs:bgggkeuze"
"ct:173","skos:Concept","173","colt:bgggkeuze",,"sterk humush. leemh. of kleih. fijnzand",,,,,,,,,,,,,"cs:bgggkeuze",,,,,,,"cs:bgggkeuze"
"ct:1734","skos:Concept","1734","colt:bgggkeuze",,"sterk kalkh. schelph. weinig kleih. fijnzand",,,,,,,,,,,,,"cs:bgggkeuze",,,,,,,"cs:bgggkeuze"
"ct:1735","skos:Concept","1735","colt:bgggkeuze",,"sterk kalkh. schelph. kleih. zand",,,,,,,,,,,,,"cs:bgggkeuze",,,,,,,"cs:bgggkeuze"
"ct:1736","skos:Concept","1736","colt:bgggkeuze",,"sterk kalkh. schelph. zand",,,,,,,,,,,,,"cs:bgggkeuze",,,,,,,"cs:bgggkeuze"
"ct:1737","skos:Concept","1737","colt:bgggkeuze",,"sterk kalkh. schelph. fijnzand",,,,,,,,,,,,,"cs:bgggkeuze",,,,,,,"cs:bgggkeuze"
"ct:1738","skos:Concept","1738","colt:bgggkeuze",,"sterk humush. kalkh. weinig leemh. fijnzand",,,,,,,,,,,,,"cs:bgggkeuze",,,,,,,"cs:bgggkeuze"
"ct:174","skos:Concept","174","colt:bgggkeuze",,"sterk humush. sterk kalkh. klei of leem",,,,,,,,,,,,,"cs:bgggkeuze",,,,,,,"cs:bgggkeuze"
"ct:1744","skos:Concept","1744","colt:bgggkeuze",,"kalkh. zandh. leem à kalkh. leemh. fijnzand",,,,,,,,,,,,,"cs:bgggkeuze",,,,,,,"cs:bgggkeuze"
"ct:1745","skos:Concept","1745","colt:bgggkeuze",,"kalkh. leemh. fijnzand met grind",,,,,,,,,,,,,"cs:bgggkeuze",,,,,,,"cs:bgggkeuze"
"ct:1746","skos:Concept","1746","colt:bgggkeuze",,"grof grind of stenen",,,,,,,,,,,,,"cs:bgggkeuze",,,,,,,"cs:bgggkeuze"
"ct:1747","skos:Concept","1747","colt:bgggkeuze",,"weinig humush. kalksteen",,,,,,,,,,,,,"cs:bgggkeuze",,,,,,,"cs:bgggkeuze"
"ct:1748","skos:Concept","1748","colt:bgggkeuze",,"sterk kalkh. veen",,,,,,,,,,,,,"cs:bgggkeuze",,,,,,,"cs:bgggkeuze"
"ct:1749","skos:Concept","1749","colt:bgggkeuze",,"kalkh. weinig zandh. klei à leem",,,,,,,,,,,,,"cs:bgggkeuze",,,,,,,"cs:bgggkeuze"
"ct:175","skos:Concept","175","colt:bgggkeuze",,"sterk humush. sterk kalkh. zandh. klei of leem",,,,,,,,,,,,,"cs:bgggkeuze",,,,,,,"cs:bgggkeuze"
"ct:1750","skos:Concept","1750","colt:bgggkeuze",,"humush. weinig zandh. klei",,,,,,,,,,,,,"cs:bgggkeuze",,,,,,,"cs:bgggkeuze"
"ct:1751","skos:Concept","1751","colt:bgggkeuze",,"weinig schelph. weinig zandh. klei à leem",,,,,,,,,,,,,"cs:bgggkeuze",,,,,,,"cs:bgggkeuze"
"ct:1752","skos:Concept","1752","colt:bgggkeuze",,"kleih. zand à leem",,,,,,,,,,,,,"cs:bgggkeuze",,,,,,,"cs:bgggkeuze"
"ct:1753","skos:Concept","1753","colt:bgggkeuze",,"kleih. à leemh. fijnzand",,,,,,,,,,,,,"cs:bgggkeuze",,,,,,,"cs:bgggkeuze"
"ct:1754","skos:Concept","1754","colt:bgggkeuze",,"humush. zandh. klei à leem",,,,,,,,,,,,,"cs:bgggkeuze",,,,,,,"cs:bgggkeuze"
"ct:1755","skos:Concept","1755","colt:bgggkeuze",,"grindh. zandh. klei à leem",,,,,,,,,,,,,"cs:bgggkeuze",,,,,,,"cs:bgggkeuze"
"ct:1756","skos:Concept","1756","colt:bgggkeuze",,"weinig schelph. zand",,,,,,,,,,,,,"cs:bgggkeuze",,,,,,,"cs:bgggkeuze"
"ct:1757","skos:Concept","1757","colt:bgggkeuze",,"zandh. klei à leem",,,,,,,,,,,,,"cs:bgggkeuze",,,,,,,"cs:bgggkeuze"
"ct:1758","skos:Concept","1758","colt:bgggkeuze",,"schelph. leemh. zand à zandh. leem",,,,,,,,,,,,,"cs:bgggkeuze",,,,,,,"cs:bgggkeuze"
"ct:176","skos:Concept","176","colt:bgggkeuze",,"sterk humush. weinig plastisch leem of silt",,,,,,,,,,,,,"cs:bgggkeuze",,,,,,,"cs:bgggkeuze"
"ct:177","skos:Concept","177","colt:bgggkeuze",,"sterk humush. zandh. klei",,,,,,,,,,,,,"cs:bgggkeuze",,,,,,,"cs:bgggkeuze"
"ct:178","skos:Concept","178","colt:bgggkeuze",,"sterk kalkh. en schelpengruish. humush. zandh. leem",,,,,,,,,,,,,"cs:bgggkeuze",,,,,,,"cs:bgggkeuze"
"ct:179","skos:Concept","179","colt:bgggkeuze",,"sterk kalkh. en schelpengruish. klei",,,,,,,,,,,,,"cs:bgggkeuze",,,,,,,"cs:bgggkeuze"
"ct:18","skos:Concept","18","colt:bgggkeuze",,"grindh. kalkh. leem",,,,,,,,,,,,,"cs:bgggkeuze",,,,,,,"cs:bgggkeuze"
"ct:180","skos:Concept","180","colt:bgggkeuze",,"sterk kalkh. en schelph. zand",,,,,,,,,,,,,"cs:bgggkeuze",,,,,,,"cs:bgggkeuze"
"ct:181","skos:Concept","181","colt:bgggkeuze",,"sterk kalkh. grind en weinig leemh. zand",,,,,,,,,,,,,"cs:bgggkeuze",,,,,,,"cs:bgggkeuze"
"ct:182","skos:Concept","182","colt:bgggkeuze",,"sterk kalkh. grindh. weinig leemh. zand",,,,,,,,,,,,,"cs:bgggkeuze",,,,,,,"cs:bgggkeuze"
"ct:183","skos:Concept","183","colt:bgggkeuze",,"sterk kalkh. grofzand",,,,,,,,,,,,,"cs:bgggkeuze",,,,,,,"cs:bgggkeuze"
"ct:184","skos:Concept","184","colt:bgggkeuze",,"sterk kalkh. humush. klei",,,,,,,,,,,,,"cs:bgggkeuze",,,,,,,"cs:bgggkeuze"
"ct:185","skos:Concept","185","colt:bgggkeuze",,"sterk kalkh. humush. zandh. klei",,,,,,,,,,,,,"cs:bgggkeuze",,,,,,,"cs:bgggkeuze"
"ct:186","skos:Concept","186","colt:bgggkeuze",,"sterk kalkh. klei",,,,,,,,,,,,,"cs:bgggkeuze",,,,,,,"cs:bgggkeuze"
"ct:187","skos:Concept","187","colt:bgggkeuze",,"sterk kalkh. kleih. fijnzand",,,,,,,,,,,,,"cs:bgggkeuze",,,,,,,"cs:bgggkeuze"
"ct:188","skos:Concept","188","colt:bgggkeuze",,"sterk kalkh. kleih. zand",,,,,,,,,,,,,"cs:bgggkeuze",,,,,,,"cs:bgggkeuze"
"ct:189","skos:Concept","189","colt:bgggkeuze",,"sterk kalkh. leem",,,,,,,,,,,,,"cs:bgggkeuze",,,,,,,"cs:bgggkeuze"
"ct:19","skos:Concept","19","colt:bgggkeuze",,"grindh. kleih. fijnzand",,,,,,,,,,,,,"cs:bgggkeuze",,,,,,,"cs:bgggkeuze"
"ct:190","skos:Concept","190","colt:bgggkeuze",,"sterk kalkh. leem of klei",,,,,,,,,,,,,"cs:bgggkeuze",,,,,,,"cs:bgggkeuze"
"ct:191","skos:Concept","191","colt:bgggkeuze",,"sterk kalkh. of schelph. fijnzand",,,,,,,,,,,,,"cs:bgggkeuze",,,,,,,"cs:bgggkeuze"
"ct:192","skos:Concept","192","colt:bgggkeuze",,"sterk kalkh. of schelph. grindh. weinig kleih. zand",,,,,,,,,,,,,"cs:bgggkeuze",,,,,,,"cs:bgggkeuze"
"ct:193","skos:Concept","193","colt:bgggkeuze",,"sterk kalkh. of schelph. grofzand",,,,,,,,,,,,,"cs:bgggkeuze",,,,,,,"cs:bgggkeuze"
"ct:194","skos:Concept","194","colt:bgggkeuze",,"sterk kalkh. of schelph. humush. klei",,,,,,,,,,,,,"cs:bgggkeuze",,,,,,,"cs:bgggkeuze"
"ct:195","skos:Concept","195","colt:bgggkeuze",,"sterk kalkh. of schelph. humush. weinig leemh. grofzand",,,,,,,,,,,,,"cs:bgggkeuze",,,,,,,"cs:bgggkeuze"
"ct:196","skos:Concept","196","colt:bgggkeuze",,"sterk kalkh. of schelph. humush. zandh. klei",,,,,,,,,,,,,"cs:bgggkeuze",,,,,,,"cs:bgggkeuze"
"ct:197","skos:Concept","197","colt:bgggkeuze",,"sterk kalkh. of schelph. kleih. fijnzand",,,,,,,,,,,,,"cs:bgggkeuze",,,,,,,"cs:bgggkeuze"
"ct:198","skos:Concept","198","colt:bgggkeuze",,"sterk kalkh. of schelph. kleih. zand",,,,,,,,,,,,,"cs:bgggkeuze",,,,,,,"cs:bgggkeuze"
"ct:199","skos:Concept","199","colt:bgggkeuze",,"sterk kalkh. of schelph. leemh. fijnzand",,,,,,,,,,,,,"cs:bgggkeuze",,,,,,,"cs:bgggkeuze"
"ct:2","skos:Concept","2","colt:bgggkeuze",,"fijn grind en kleih. grofzand",,,,,,,,,,,,,"cs:bgggkeuze",,,,,,,"cs:bgggkeuze"
"ct:20","skos:Concept","20","colt:bgggkeuze",,"grindh. kleih. grofzand",,,,,,,,,,,,,"cs:bgggkeuze",,,,,,,"cs:bgggkeuze"
"ct:200","skos:Concept","200","colt:bgggkeuze",,"sterk kalkh. of schelph. leemh. of kleih. zand",,,,,,,,,,,,,"cs:bgggkeuze",,,,,,,"cs:bgggkeuze"
"ct:201","skos:Concept","201","colt:bgggkeuze",,"sterk kalkh. of schelph. leemh. zand",,,,,,,,,,,,,"cs:bgggkeuze",,,,,,,"cs:bgggkeuze"
"ct:202","skos:Concept","202","colt:bgggkeuze",,"sterk kalkh. of schelph. weinig humush. fijnzand",,,,,,,,,,,,,"cs:bgggkeuze",,,,,,,"cs:bgggkeuze"
"ct:203","skos:Concept","203","colt:bgggkeuze",,"sterk kalkh. of schelph. weinig humush. klei",,,,,,,,,,,,,"cs:bgggkeuze",,,,,,,"cs:bgggkeuze"
"ct:204","skos:Concept","204","colt:bgggkeuze",,"sterk kalkh. of schelph. weinig humush. leemh. fijnzand",,,,,,,,,,,,,"cs:bgggkeuze",,,,,,,"cs:bgggkeuze"
"ct:205","skos:Concept","205","colt:bgggkeuze",,"sterk kalkh. of schelph. weinig humush. zand",,,,,,,,,,,,,"cs:bgggkeuze",,,,,,,"cs:bgggkeuze"
"ct:206","skos:Concept","206","colt:bgggkeuze",,"sterk kalkh. of schelph. weinig humush. zandh. klei",,,,,,,,,,,,,"cs:bgggkeuze",,,,,,,"cs:bgggkeuze"
"ct:207","skos:Concept","207","colt:bgggkeuze",,"sterk kalkh. of schelph. weinig humush. zandh. leem",,,,,,,,,,,,,"cs:bgggkeuze",,,,,,,"cs:bgggkeuze"
"ct:208","skos:Concept","208","colt:bgggkeuze",,"sterk kalkh. of schelph. weinig kleih. fijnzand",,,,,,,,,,,,,"cs:bgggkeuze",,,,,,,"cs:bgggkeuze"
"ct:209","skos:Concept","209","colt:bgggkeuze",,"sterk kalkh. of schelph. weinig kleih. zand",,,,,,,,,,,,,"cs:bgggkeuze",,,,,,,"cs:bgggkeuze"
"ct:21","skos:Concept","21","colt:bgggkeuze",,"grindh. kleih. zand",,,,,,,,,,,,,"cs:bgggkeuze",,,,,,,"cs:bgggkeuze"
"ct:210","skos:Concept","210","colt:bgggkeuze",,"sterk kalkh. of schelph. weinig leemh. fijnzand",,,,,,,,,,,,,"cs:bgggkeuze",,,,,,,"cs:bgggkeuze"
"ct:211","skos:Concept","211","colt:bgggkeuze",,"sterk kalkh. of schelph. weinig leemh. zand",,,,,,,,,,,,,"cs:bgggkeuze",,,,,,,"cs:bgggkeuze"
"ct:213","skos:Concept","213","colt:bgggkeuze",,"sterk kalkh. of schelph. zand",,,,,,,,,,,,,"cs:bgggkeuze",,,,,,,"cs:bgggkeuze"
"ct:214","skos:Concept","214","colt:bgggkeuze",,"sterk kalkh. of schelph. zandh. klei",,,,,,,,,,,,,"cs:bgggkeuze",,,,,,,"cs:bgggkeuze"
"ct:215","skos:Concept","215","colt:bgggkeuze",,"sterk kalkh. of schelph. zandh. leem",,,,,,,,,,,,,"cs:bgggkeuze",,,,,,,"cs:bgggkeuze"
"ct:216","skos:Concept","216","colt:bgggkeuze",,"sterk kalkh. sterk humush. zandh. klei",,,,,,,,,,,,,"cs:bgggkeuze",,,,,,,"cs:bgggkeuze"
"ct:217","skos:Concept","217","colt:bgggkeuze",,"sterk kalkh. venige leem met schelpresten",,,,,,,,,,,,,"cs:bgggkeuze",,,,,,,"cs:bgggkeuze"
"ct:218","skos:Concept","218","colt:bgggkeuze",,"sterk kalkh. weinig humush. klei",,,,,,,,,,,,,"cs:bgggkeuze",,,,,,,"cs:bgggkeuze"
"ct:219","skos:Concept","219","colt:bgggkeuze",,"sterk kalkh. weinig humush. fijn grind en zand",,,,,,,,,,,,,"cs:bgggkeuze",,,,,,,"cs:bgggkeuze"
"ct:22","skos:Concept","22","colt:bgggkeuze",,"grindh. leemh. fijnzand",,,,,,,,,,,,,"cs:bgggkeuze",,,,,,,"cs:bgggkeuze"
"ct:220","skos:Concept","220","colt:bgggkeuze",,"sterk kalkh. weinig humush. leem",,,,,,,,,,,,,"cs:bgggkeuze",,,,,,,"cs:bgggkeuze"
"ct:221","skos:Concept","221","colt:bgggkeuze",,"sterk kalkh. weinig humush. zandh. klei",,,,,,,,,,,,,"cs:bgggkeuze",,,,,,,"cs:bgggkeuze"
"ct:222","skos:Concept","222","colt:bgggkeuze",,"sterk kalkh. weinig humush. zandh. leem",,,,,,,,,,,,,"cs:bgggkeuze",,,,,,,"cs:bgggkeuze"
"ct:223","skos:Concept","223","colt:bgggkeuze",,"sterk kalkh. weinig kleih. fijnzand",,,,,,,,,,,,,"cs:bgggkeuze",,,,,,,"cs:bgggkeuze"
"ct:224","skos:Concept","224","colt:bgggkeuze",,"sterk kalkh. weinig leemh. of kleih. fijnzand",,,,,,,,,,,,,"cs:bgggkeuze",,,,,,,"cs:bgggkeuze"
"ct:225","skos:Concept","225","colt:bgggkeuze",,"sterk kalkh. weinig leemh. of kleih. zand",,,,,,,,,,,,,"cs:bgggkeuze",,,,,,,"cs:bgggkeuze"
"ct:226","skos:Concept","226","colt:bgggkeuze",,"sterk kalkh. weinig plastische zandh. leem of zandh. silt",,,,,,,,,,,,,"cs:bgggkeuze",,,,,,,"cs:bgggkeuze"
"ct:227","skos:Concept","227","colt:bgggkeuze",,"sterk kalkh. weinig zandh. klei",,,,,,,,,,,,,"cs:bgggkeuze",,,,,,,"cs:bgggkeuze"
"ct:228","skos:Concept","228","colt:bgggkeuze",,"sterk kalkh. zand",,,,,,,,,,,,,"cs:bgggkeuze",,,,,,,"cs:bgggkeuze"
"ct:229","skos:Concept","229","colt:bgggkeuze",,"sterk kalkh. zandh. klei",,,,,,,,,,,,,"cs:bgggkeuze",,,,,,,"cs:bgggkeuze"
"ct:23","skos:Concept","23","colt:bgggkeuze",,"grindh. leemh. grofzand",,,,,,,,,,,,,"cs:bgggkeuze",,,,,,,"cs:bgggkeuze"
"ct:230","skos:Concept","230","colt:bgggkeuze",,"sterk kalkh. zandh. leem",,,,,,,,,,,,,"cs:bgggkeuze",,,,,,,"cs:bgggkeuze"
"ct:231","skos:Concept","231","colt:bgggkeuze",,"sterk kalkh. zandh. leem a klei",,,,,,,,,,,,,"cs:bgggkeuze",,,,,,,"cs:bgggkeuze"
"ct:232","skos:Concept","232","colt:bgggkeuze",,"sterk kalkh. zandh. leem of zandh. klei",,,,,,,,,,,,,"cs:bgggkeuze",,,,,,,"cs:bgggkeuze"
"ct:233","skos:Concept","233","colt:bgggkeuze",,"sterk kalkh. zandh. veen",,,,,,,,,,,,,"cs:bgggkeuze",,,,,,,"cs:bgggkeuze"
"ct:234","skos:Concept","234","colt:bgggkeuze",,"sterk kleih. weinig zandh. leem",,,,,,,,,,,,,"cs:bgggkeuze",,,,,,,"cs:bgggkeuze"
"ct:235","skos:Concept","235","colt:bgggkeuze",,"sterk leemh. fijnzand",,,,,,,,,,,,,"cs:bgggkeuze",,,,,,,"cs:bgggkeuze"
"ct:236","skos:Concept","236","colt:bgggkeuze",,"sterk leemh. slibh. fijnzand met slibmoten",,,,,,,,,,,,,"cs:bgggkeuze",,,,,,,"cs:bgggkeuze"
"ct:237","skos:Concept","237","colt:bgggkeuze",,"sterk schelpengruish. zandh. leem",,,,,,,,,,,,,"cs:bgggkeuze",,,,,,,"cs:bgggkeuze"
"ct:238","skos:Concept","238","colt:bgggkeuze",,"sterk schelph. fijnzand",,,,,,,,,,,,,"cs:bgggkeuze",,,,,,,"cs:bgggkeuze"
"ct:239","skos:Concept","239","colt:bgggkeuze",,"sterk schelph. kleih. zand",,,,,,,,,,,,,"cs:bgggkeuze",,,,,,,"cs:bgggkeuze"
"ct:24","skos:Concept","24","colt:bgggkeuze",,"grindh. leemh. of kleih. grofzand",,,,,,,,,,,,,"cs:bgggkeuze",,,,,,,"cs:bgggkeuze"
"ct:240","skos:Concept","240","colt:bgggkeuze",,"sterk schelph. weinig humush. klei",,,,,,,,,,,,,"cs:bgggkeuze",,,,,,,"cs:bgggkeuze"
"ct:241","skos:Concept","241","colt:bgggkeuze",,"sterk schelph. zand",,,,,,,,,,,,,"cs:bgggkeuze",,,,,,,"cs:bgggkeuze"
"ct:242","skos:Concept","242","colt:bgggkeuze",,"sterk schelph. zandh. klei",,,,,,,,,,,,,"cs:bgggkeuze",,,,,,,"cs:bgggkeuze"
"ct:243","skos:Concept","243","colt:bgggkeuze",,"sterk zandh. sterk slibh. leem",,,,,,,,,,,,,"cs:bgggkeuze",,,,,,,"cs:bgggkeuze"
"ct:244","skos:Concept","244","colt:bgggkeuze",,"veel schelpengruish. weinig kleih. fijnzand",,,,,,,,,,,,,"cs:bgggkeuze",,,,,,,"cs:bgggkeuze"
"ct:245","skos:Concept","245","colt:bgggkeuze",,"veen",,,,,,,,,,,,,"cs:bgggkeuze",,,,,,,"cs:bgggkeuze"
"ct:246","skos:Concept","246","colt:bgggkeuze",,"weinig humush. fijnzand",,,,,,,,,,,,,"cs:bgggkeuze",,,,,,,"cs:bgggkeuze"
"ct:247","skos:Concept","247","colt:bgggkeuze",,"weinig humush. grindh. leemh. grofzand",,,,,,,,,,,,,"cs:bgggkeuze",,,,,,,"cs:bgggkeuze"
"ct:248","skos:Concept","248","colt:bgggkeuze",,"weinig humush. grofzand",,,,,,,,,,,,,"cs:bgggkeuze",,,,,,,"cs:bgggkeuze"
"ct:249","skos:Concept","249","colt:bgggkeuze",,"weinig humush. grofzand met grind",,,,,,,,,,,,,"cs:bgggkeuze",,,,,,,"cs:bgggkeuze"
"ct:25","skos:Concept","25","colt:bgggkeuze",,"grindh. leemh. zand",,,,,,,,,,,,,"cs:bgggkeuze",,,,,,,"cs:bgggkeuze"
"ct:250","skos:Concept","250","colt:bgggkeuze",,"weinig humush. kalkh. zandh. klei",,,,,,,,,,,,,"cs:bgggkeuze",,,,,,,"cs:bgggkeuze"
"ct:251","skos:Concept","251","colt:bgggkeuze",,"weinig humush. kalksteen of krijt",,,,,,,,,,,,,"cs:bgggkeuze",,,,,,,"cs:bgggkeuze"
"ct:252","skos:Concept","252","colt:bgggkeuze",,"weinig humush. klei",,,,,,,,,,,,,"cs:bgggkeuze",,,,,,,"cs:bgggkeuze"
"ct:253","skos:Concept","253","colt:bgggkeuze",,"weinig humush. kleih. fijnzand",,,,,,,,,,,,,"cs:bgggkeuze",,,,,,,"cs:bgggkeuze"
"ct:254","skos:Concept","254","colt:bgggkeuze",,"weinig humush. kleih. grofzand",,,,,,,,,,,,,"cs:bgggkeuze",,,,,,,"cs:bgggkeuze"
"ct:255","skos:Concept","255","colt:bgggkeuze",,"weinig humush. kleih. zand",,,,,,,,,,,,,"cs:bgggkeuze",,,,,,,"cs:bgggkeuze"
"ct:256","skos:Concept","256","colt:bgggkeuze",,"weinig humush. leem",,,,,,,,,,,,,"cs:bgggkeuze",,,,,,,"cs:bgggkeuze"
"ct:257","skos:Concept","257","colt:bgggkeuze",,"weinig humush. leemh. fijnzand",,,,,,,,,,,,,"cs:bgggkeuze",,,,,,,"cs:bgggkeuze"
"ct:258","skos:Concept","258","colt:bgggkeuze",,"weinig humush. leemh. zand",,,,,,,,,,,,,"cs:bgggkeuze",,,,,,,"cs:bgggkeuze"
"ct:259","skos:Concept","259","colt:bgggkeuze",,"weinig humush. weinig kalkh. zandh. klei",,,,,,,,,,,,,"cs:bgggkeuze",,,,,,,"cs:bgggkeuze"
"ct:26","skos:Concept","26","colt:bgggkeuze",,"grindh. mergel",,,,,,,,,,,,,"cs:bgggkeuze",,,,,,,"cs:bgggkeuze"
"ct:260","skos:Concept","260","colt:bgggkeuze",,"weinig humush. weinig kleih. zand",,,,,,,,,,,,,"cs:bgggkeuze",,,,,,,"cs:bgggkeuze"
"ct:261","skos:Concept","261","colt:bgggkeuze",,"weinig humush. weinig leemh. fijnzand",,,,,,,,,,,,,"cs:bgggkeuze",,,,,,,"cs:bgggkeuze"
"ct:262","skos:Concept","262","colt:bgggkeuze",,"weinig humush. zand",,,,,,,,,,,,,"cs:bgggkeuze",,,,,,,"cs:bgggkeuze"
"ct:263","skos:Concept","263","colt:bgggkeuze",,"weinig humush. zandh. klei",,,,,,,,,,,,,"cs:bgggkeuze",,,,,,,"cs:bgggkeuze"
"ct:264","skos:Concept","264","colt:bgggkeuze",,"weinig humush. zandh. leem",,,,,,,,,,,,,"cs:bgggkeuze",,,,,,,"cs:bgggkeuze"
"ct:265","skos:Concept","265","colt:bgggkeuze",,"weinig kalkh. fijnzand",,,,,,,,,,,,,"cs:bgggkeuze",,,,,,,"cs:bgggkeuze"
"ct:266","skos:Concept","266","colt:bgggkeuze",,"weinig kalkh. grind en weinig kleih. zand",,,,,,,,,,,,,"cs:bgggkeuze",,,,,,,"cs:bgggkeuze"
"ct:267","skos:Concept","267","colt:bgggkeuze",,"weinig kalkh. grind en zandh. klei",,,,,,,,,,,,,"cs:bgggkeuze",,,,,,,"cs:bgggkeuze"
"ct:268","skos:Concept","268","colt:bgggkeuze",,"weinig kalkh. grindh. klei",,,,,,,,,,,,,"cs:bgggkeuze",,,,,,,"cs:bgggkeuze"
"ct:269","skos:Concept","269","colt:bgggkeuze",,"weinig kalkh. grindh. kleih. fijnzand",,,,,,,,,,,,,"cs:bgggkeuze",,,,,,,"cs:bgggkeuze"
"ct:27","skos:Concept","27","colt:bgggkeuze",,"grindh. weinig kleih. fijnzand",,,,,,,,,,,,,"cs:bgggkeuze",,,,,,,"cs:bgggkeuze"
"ct:270","skos:Concept","270","colt:bgggkeuze",,"weinig kalkh. grindh. leemh. fijnzand",,,,,,,,,,,,,"cs:bgggkeuze",,,,,,,"cs:bgggkeuze"
"ct:271","skos:Concept","271","colt:bgggkeuze",,"weinig kalkh. grindh. leemh. zand",,,,,,,,,,,,,"cs:bgggkeuze",,,,,,,"cs:bgggkeuze"
"ct:272","skos:Concept","272","colt:bgggkeuze",,"weinig kalkh. grindh. weinig kleih. fijnzand",,,,,,,,,,,,,"cs:bgggkeuze",,,,,,,"cs:bgggkeuze"
"ct:273","skos:Concept","273","colt:bgggkeuze",,"weinig kalkh. grindh. weinig kleih. grofzand",,,,,,,,,,,,,"cs:bgggkeuze",,,,,,,"cs:bgggkeuze"
"ct:274","skos:Concept","274","colt:bgggkeuze",,"weinig kalkh. grindh. weinig kleih. zand",,,,,,,,,,,,,"cs:bgggkeuze",,,,,,,"cs:bgggkeuze"
"ct:275","skos:Concept","275","colt:bgggkeuze",,"weinig kalkh. grindh. weinig leemh. fijnzand",,,,,,,,,,,,,"cs:bgggkeuze",,,,,,,"cs:bgggkeuze"
"ct:276","skos:Concept","276","colt:bgggkeuze",,"weinig kalkh. grindh. weinig leemh. zand",,,,,,,,,,,,,"cs:bgggkeuze",,,,,,,"cs:bgggkeuze"
"ct:277","skos:Concept","277","colt:bgggkeuze",,"weinig kalkh. grindh. zand",,,,,,,,,,,,,"cs:bgggkeuze",,,,,,,"cs:bgggkeuze"
"ct:278","skos:Concept","278","colt:bgggkeuze",,"weinig kalkh. grindh. zandh. klei",,,,,,,,,,,,,"cs:bgggkeuze",,,,,,,"cs:bgggkeuze"
"ct:279","skos:Concept","279","colt:bgggkeuze",,"weinig kalkh. grindh. zandh. leem",,,,,,,,,,,,,"cs:bgggkeuze",,,,,,,"cs:bgggkeuze"
"ct:28","skos:Concept","28","colt:bgggkeuze",,"grindh. weinig kleih. grofzand",,,,,,,,,,,,,"cs:bgggkeuze",,,,,,,"cs:bgggkeuze"
"ct:280","skos:Concept","280","colt:bgggkeuze",,"weinig kalkh. grof grind of stenen en zandh. leem",,,,,,,,,,,,,"cs:bgggkeuze",,,,,,,"cs:bgggkeuze"
"ct:281","skos:Concept","281","colt:bgggkeuze",,"weinig kalkh. grofzand",,,,,,,,,,,,,"cs:bgggkeuze",,,,,,,"cs:bgggkeuze"
"ct:282","skos:Concept","282","colt:bgggkeuze",,"weinig kalkh. grofzand met grind",,,,,,,,,,,,,"cs:bgggkeuze",,,,,,,"cs:bgggkeuze"
"ct:283","skos:Concept","283","colt:bgggkeuze",,"weinig kalkh. humush. fijnzand",,,,,,,,,,,,,"cs:bgggkeuze",,,,,,,"cs:bgggkeuze"
"ct:284","skos:Concept","284","colt:bgggkeuze",,"weinig kalkh. humush. klei",,,,,,,,,,,,,"cs:bgggkeuze",,,,,,,"cs:bgggkeuze"
"ct:285","skos:Concept","285","colt:bgggkeuze",,"weinig kalkh. humush. leemh. fijnzand",,,,,,,,,,,,,"cs:bgggkeuze",,,,,,,"cs:bgggkeuze"
"ct:286","skos:Concept","286","colt:bgggkeuze",,"weinig kalkh. humush. leemh. zand",,,,,,,,,,,,,"cs:bgggkeuze",,,,,,,"cs:bgggkeuze"
"ct:287","skos:Concept","287","colt:bgggkeuze",,"weinig kalkh. humush. weinig kleih. zand",,,,,,,,,,,,,"cs:bgggkeuze",,,,,,,"cs:bgggkeuze"
"ct:288","skos:Concept","288","colt:bgggkeuze",,"weinig kalkh. humush. weinig leemh. fijnzand",,,,,,,,,,,,,"cs:bgggkeuze",,,,,,,"cs:bgggkeuze"
"ct:289","skos:Concept","289","colt:bgggkeuze",,"weinig kalkh. humush. zand",,,,,,,,,,,,,"cs:bgggkeuze",,,,,,,"cs:bgggkeuze"
"ct:29","skos:Concept","29","colt:bgggkeuze",,"grindh. weinig kleih. zand",,,,,,,,,,,,,"cs:bgggkeuze",,,,,,,"cs:bgggkeuze"
"ct:290","skos:Concept","290","colt:bgggkeuze",,"weinig kalkh. humush. zandh. klei",,,,,,,,,,,,,"cs:bgggkeuze",,,,,,,"cs:bgggkeuze"
"ct:291","skos:Concept","291","colt:bgggkeuze",,"weinig kalkh. humush. zandh. leem",,,,,,,,,,,,,"cs:bgggkeuze",,,,,,,"cs:bgggkeuze"
"ct:292","skos:Concept","292","colt:bgggkeuze",,"weinig kalkh. klei",,,,,,,,,,,,,"cs:bgggkeuze",,,,,,,"cs:bgggkeuze"
"ct:293","skos:Concept","293","colt:bgggkeuze",,"weinig kalkh. kleih. fijnzand",,,,,,,,,,,,,"cs:bgggkeuze",,,,,,,"cs:bgggkeuze"
"ct:294","skos:Concept","294","colt:bgggkeuze",,"weinig kalkh. kleih. fijnzand met grind",,,,,,,,,,,,,"cs:bgggkeuze",,,,,,,"cs:bgggkeuze"
"ct:295","skos:Concept","295","colt:bgggkeuze",,"weinig kalkh. kleih. fijnzand of zandh. klei",,,,,,,,,,,,,"cs:bgggkeuze",,,,,,,"cs:bgggkeuze"
"ct:296","skos:Concept","296","colt:bgggkeuze",,"weinig kalkh. kleih. grofzand",,,,,,,,,,,,,"cs:bgggkeuze",,,,,,,"cs:bgggkeuze"
"ct:297","skos:Concept","297","colt:bgggkeuze",,"weinig kalkh. kleih. zand",,,,,,,,,,,,,"cs:bgggkeuze",,,,,,,"cs:bgggkeuze"
"ct:298","skos:Concept","298","colt:bgggkeuze",,"weinig kalkh. leem",,,,,,,,,,,,,"cs:bgggkeuze",,,,,,,"cs:bgggkeuze"
"ct:299","skos:Concept","299","colt:bgggkeuze",,"weinig kalkh. leemh. fijnzand",,,,,,,,,,,,,"cs:bgggkeuze",,,,,,,"cs:bgggkeuze"
"ct:3","skos:Concept","3","colt:bgggkeuze",,"fijn grind en leemh. grofzand",,,,,,,,,,,,,"cs:bgggkeuze",,,,,,,"cs:bgggkeuze"
"ct:30","skos:Concept","30","colt:bgggkeuze",,"grindh. weinig leemh. grofzand",,,,,,,,,,,,,"cs:bgggkeuze",,,,,,,"cs:bgggkeuze"
"ct:300","skos:Concept","300","colt:bgggkeuze",,"weinig kalkh. leemh. grofzand",,,,,,,,,,,,,"cs:bgggkeuze",,,,,,,"cs:bgggkeuze"
"ct:301","skos:Concept","301","colt:bgggkeuze",,"weinig kalkh. leemh. zand",,,,,,,,,,,,,"cs:bgggkeuze",,,,,,,"cs:bgggkeuze"
"ct:302","skos:Concept","302","colt:bgggkeuze",,"weinig kalkh. sterk humush. klei",,,,,,,,,,,,,"cs:bgggkeuze",,,,,,,"cs:bgggkeuze"
"ct:303","skos:Concept","303","colt:bgggkeuze",,"weinig kalkh. sterk humush. weinig kleih. of leemh. fijnzand",,,,,,,,,,,,,"cs:bgggkeuze",,,,,,,"cs:bgggkeuze"
"ct:304","skos:Concept","304","colt:bgggkeuze",,"weinig kalkh. sterk humush. zandh. klei",,,,,,,,,,,,,"cs:bgggkeuze",,,,,,,"cs:bgggkeuze"
"ct:305","skos:Concept","305","colt:bgggkeuze",,"sterk kalkh. of schelph. weinig humush. zandh. leem à zandh. klei",,,,,,,,,,,,,"cs:bgggkeuze",,,,,,,"cs:bgggkeuze"
"ct:306","skos:Concept","306","colt:bgggkeuze",,"weinig kalkh. veen",,,,,,,,,,,,,"cs:bgggkeuze",,,,,,,"cs:bgggkeuze"
"ct:307","skos:Concept","307","colt:bgggkeuze",,"weinig kalkh. weinig kleih. fijnzand",,,,,,,,,,,,,"cs:bgggkeuze",,,,,,,"cs:bgggkeuze"
"ct:308","skos:Concept","308","colt:bgggkeuze",,"weinig kalkh. weinig humush. fijnzand",,,,,,,,,,,,,"cs:bgggkeuze",,,,,,,"cs:bgggkeuze"
"ct:309","skos:Concept","309","colt:bgggkeuze",,"weinig kalkh. weinig humush. grind en zand",,,,,,,,,,,,,"cs:bgggkeuze",,,,,,,"cs:bgggkeuze"
"ct:31","skos:Concept","31","colt:bgggkeuze",,"grindh. weinig leemh. zand",,,,,,,,,,,,,"cs:bgggkeuze",,,,,,,"cs:bgggkeuze"
"ct:310","skos:Concept","310","colt:bgggkeuze",,"weinig kalkh. weinig humush. grindh. klei",,,,,,,,,,,,,"cs:bgggkeuze",,,,,,,"cs:bgggkeuze"
"ct:311","skos:Concept","311","colt:bgggkeuze",,"weinig kalkh. weinig humush. grindh. zandh. klei",,,,,,,,,,,,,"cs:bgggkeuze",,,,,,,"cs:bgggkeuze"
"ct:312","skos:Concept","312","colt:bgggkeuze",,"weinig kalkh. weinig humush. grofzand",,,,,,,,,,,,,"cs:bgggkeuze",,,,,,,"cs:bgggkeuze"
"ct:313","skos:Concept","313","colt:bgggkeuze",,"weinig kalkh. weinig humush. klei",,,,,,,,,,,,,"cs:bgggkeuze",,,,,,,"cs:bgggkeuze"
"ct:314","skos:Concept","314","colt:bgggkeuze",,"weinig kalkh. weinig humush. kleih. fijnzand",,,,,,,,,,,,,"cs:bgggkeuze",,,,,,,"cs:bgggkeuze"
"ct:315","skos:Concept","315","colt:bgggkeuze",,"weinig kalkh. weinig humush. leem",,,,,,,,,,,,,"cs:bgggkeuze",,,,,,,"cs:bgggkeuze"
"ct:316","skos:Concept","316","colt:bgggkeuze",,"weinig kalkh. weinig humush. leemh. fijnzand",,,,,,,,,,,,,"cs:bgggkeuze",,,,,,,"cs:bgggkeuze"
"ct:317","skos:Concept","317","colt:bgggkeuze",,"weinig kalkh. weinig humush. leemh. zand",,,,,,,,,,,,,"cs:bgggkeuze",,,,,,,"cs:bgggkeuze"
"ct:318","skos:Concept","318","colt:bgggkeuze",,"weinig kalkh. weinig humush. weinig kleih. fijnzand",,,,,,,,,,,,,"cs:bgggkeuze",,,,,,,"cs:bgggkeuze"
"ct:319","skos:Concept","319","colt:bgggkeuze",,"weinig kalkh. weinig humush. weinig kleih. grofzand",,,,,,,,,,,,,"cs:bgggkeuze",,,,,,,"cs:bgggkeuze"
"ct:32","skos:Concept","32","colt:bgggkeuze",,"grindh. zand",,,,,,,,,,,,,"cs:bgggkeuze",,,,,,,"cs:bgggkeuze"
"ct:320","skos:Concept","320","colt:bgggkeuze",,"weinig kalkh. weinig humush. weinig leemh. fijnzand",,,,,,,,,,,,,"cs:bgggkeuze",,,,,,,"cs:bgggkeuze"
"ct:321","skos:Concept","321","colt:bgggkeuze",,"weinig kalkh. weinig humush. zand",,,,,,,,,,,,,"cs:bgggkeuze",,,,,,,"cs:bgggkeuze"
"ct:322","skos:Concept","322","colt:bgggkeuze",,"weinig kalkh. weinig humush. zandh. klei",,,,,,,,,,,,,"cs:bgggkeuze",,,,,,,"cs:bgggkeuze"
"ct:323","skos:Concept","323","colt:bgggkeuze",,"weinig kalkh. weinig humush. zandh. leem",,,,,,,,,,,,,"cs:bgggkeuze",,,,,,,"cs:bgggkeuze"
"ct:324","skos:Concept","324","colt:bgggkeuze",,"weinig kalkh. weinig kleih. grofzand",,,,,,,,,,,,,"cs:bgggkeuze",,,,,,,"cs:bgggkeuze"
"ct:325","skos:Concept","325","colt:bgggkeuze",,"weinig kalkh. weinig kleih. zand",,,,,,,,,,,,,"cs:bgggkeuze",,,,,,,"cs:bgggkeuze"
"ct:326","skos:Concept","326","colt:bgggkeuze",,"weinig kalkh. weinig kleih. zand met grind",,,,,,,,,,,,,"cs:bgggkeuze",,,,,,,"cs:bgggkeuze"
"ct:327","skos:Concept","327","colt:bgggkeuze",,"weinig kalkh. weinig leemh. fijnzand",,,,,,,,,,,,,"cs:bgggkeuze",,,,,,,"cs:bgggkeuze"
"ct:328","skos:Concept","328","colt:bgggkeuze",,"weinig kalkh. weinig leemh. fijnzand met grind",,,,,,,,,,,,,"cs:bgggkeuze",,,,,,,"cs:bgggkeuze"
"ct:329","skos:Concept","329","colt:bgggkeuze",,"weinig kalkh. weinig leemh. grofzand",,,,,,,,,,,,,"cs:bgggkeuze",,,,,,,"cs:bgggkeuze"
"ct:33","skos:Concept","33","colt:bgggkeuze",,"grindh. zandh. klei",,,,,,,,,,,,,"cs:bgggkeuze",,,,,,,"cs:bgggkeuze"
"ct:330","skos:Concept","330","colt:bgggkeuze",,"weinig kalkh. weinig leemh. grofzand met grind",,,,,,,,,,,,,"cs:bgggkeuze",,,,,,,"cs:bgggkeuze"
"ct:331","skos:Concept","331","colt:bgggkeuze",,"weinig kalkh. weinig leemh. of kleih. fijnzand",,,,,,,,,,,,,"cs:bgggkeuze",,,,,,,"cs:bgggkeuze"
"ct:332","skos:Concept","332","colt:bgggkeuze",,"weinig kalkh. weinig leemh. of weinig kleih. fijnzand",,,,,,,,,,,,,"cs:bgggkeuze",,,,,,,"cs:bgggkeuze"
"ct:333","skos:Concept","333","colt:bgggkeuze",,"weinig kalkh. weinig leemh. zand",,,,,,,,,,,,,"cs:bgggkeuze",,,,,,,"cs:bgggkeuze"
"ct:334","skos:Concept","334","colt:bgggkeuze",,"weinig kalkh. weinig plastisch leem of silt",,,,,,,,,,,,,"cs:bgggkeuze",,,,,,,"cs:bgggkeuze"
"ct:335","skos:Concept","335","colt:bgggkeuze",,"weinig kalkh. weinig plastisch zandh. leem of zandh. silt",,,,,,,,,,,,,"cs:bgggkeuze",,,,,,,"cs:bgggkeuze"
"ct:337","skos:Concept","337","colt:bgggkeuze",,"weinig kalkh. zand",,,,,,,,,,,,,"cs:bgggkeuze",,,,,,,"cs:bgggkeuze"
"ct:338","skos:Concept","338","colt:bgggkeuze",,"weinig kalkh. zand met grind",,,,,,,,,,,,,"cs:bgggkeuze",,,,,,,"cs:bgggkeuze"
"ct:339","skos:Concept","339","colt:bgggkeuze",,"weinig kalkh. zandh. klei",,,,,,,,,,,,,"cs:bgggkeuze",,,,,,,"cs:bgggkeuze"
"ct:34","skos:Concept","34","colt:bgggkeuze",,"grindh. zandh. leem",,,,,,,,,,,,,"cs:bgggkeuze",,,,,,,"cs:bgggkeuze"
"ct:340","skos:Concept","340","colt:bgggkeuze",,"weinig kalkh. zandh. klei met grind",,,,,,,,,,,,,"cs:bgggkeuze",,,,,,,"cs:bgggkeuze"
"ct:341","skos:Concept","341","colt:bgggkeuze",,"weinig kalkh. zandh. leem",,,,,,,,,,,,,"cs:bgggkeuze",,,,,,,"cs:bgggkeuze"
"ct:342","skos:Concept","342","colt:bgggkeuze",,"weinig kleih. fijnzand",,,,,,,,,,,,,"cs:bgggkeuze",,,,,,,"cs:bgggkeuze"
"ct:343","skos:Concept","343","colt:bgggkeuze",,"weinig kleih. fijnzand met grind",,,,,,,,,,,,,"cs:bgggkeuze",,,,,,,"cs:bgggkeuze"
"ct:344","skos:Concept","344","colt:bgggkeuze",,"weinig kleih. grofzand",,,,,,,,,,,,,"cs:bgggkeuze",,,,,,,"cs:bgggkeuze"
"ct:345","skos:Concept","345","colt:bgggkeuze",,"weinig kleih. humush. fijnzand",,,,,,,,,,,,,"cs:bgggkeuze",,,,,,,"cs:bgggkeuze"
"ct:346","skos:Concept","346","colt:bgggkeuze",,"weinig kleih. weinig humush. fijnzand",,,,,,,,,,,,,"cs:bgggkeuze",,,,,,,"cs:bgggkeuze"
"ct:347","skos:Concept","347","colt:bgggkeuze",,"weinig kleih. weinig humush. weinig kalkh. fijnzand",,,,,,,,,,,,,"cs:bgggkeuze",,,,,,,"cs:bgggkeuze"
"ct:348","skos:Concept","348","colt:bgggkeuze",,"weinig kleih. weinig humush. weinig kalkh. zand",,,,,,,,,,,,,"cs:bgggkeuze",,,,,,,"cs:bgggkeuze"
"ct:349","skos:Concept","349","colt:bgggkeuze",,"weinig kleih. weinig kalkh. fijnzand",,,,,,,,,,,,,"cs:bgggkeuze",,,,,,,"cs:bgggkeuze"
"ct:350","skos:Concept","350","colt:bgggkeuze",,"weinig kleih. zand",,,,,,,,,,,,,"cs:bgggkeuze",,,,,,,"cs:bgggkeuze"
"ct:351","skos:Concept","351","colt:bgggkeuze",,"weinig kleih. zand met grind",,,,,,,,,,,,,"cs:bgggkeuze",,,,,,,"cs:bgggkeuze"
"ct:352","skos:Concept","352","colt:bgggkeuze",,"weinig leemh. fijnzand",,,,,,,,,,,,,"cs:bgggkeuze",,,,,,,"cs:bgggkeuze"
"ct:353","skos:Concept","353","colt:bgggkeuze",,"weinig leemh. grofzand",,,,,,,,,,,,,"cs:bgggkeuze",,,,,,,"cs:bgggkeuze"
"ct:354","skos:Concept","354","colt:bgggkeuze",,"weinig leemh. grofzand en grind",,,,,,,,,,,,,"cs:bgggkeuze",,,,,,,"cs:bgggkeuze"
"ct:355","skos:Concept","355","colt:bgggkeuze",,"weinig leemh. grofzand en weinig grind",,,,,,,,,,,,,"cs:bgggkeuze",,,,,,,"cs:bgggkeuze"
"ct:356","skos:Concept","356","colt:bgggkeuze",,"weinig leemh. of weinig kleih. fijnzand met steentjes",,,,,,,,,,,,,"cs:bgggkeuze",,,,,,,"cs:bgggkeuze"
"ct:357","skos:Concept","357","colt:bgggkeuze",,"weinig leemh. slibh. fijnzand",,,,,,,,,,,,,"cs:bgggkeuze",,,,,,,"cs:bgggkeuze"
"ct:358","skos:Concept","358","colt:bgggkeuze",,"weinig leemh. slibh. fijnzand met slibmoten",,,,,,,,,,,,,"cs:bgggkeuze",,,,,,,"cs:bgggkeuze"
"ct:359","skos:Concept","359","colt:bgggkeuze",,"weinig leemh. sterk slibh. fijnzand",,,,,,,,,,,,,"cs:bgggkeuze",,,,,,,"cs:bgggkeuze"
"ct:36","skos:Concept","36","colt:bgggkeuze",,"grof grind",,,,,,,,,,,,,"cs:bgggkeuze",,,,,,,"cs:bgggkeuze"
"ct:360","skos:Concept","360","colt:bgggkeuze",,"weinig leemh. weinig slibh. fijnzand",,,,,,,,,,,,,"cs:bgggkeuze",,,,,,,"cs:bgggkeuze"
"ct:361","skos:Concept","361","colt:bgggkeuze",,"weinig leemh. zand",,,,,,,,,,,,,"cs:bgggkeuze",,,,,,,"cs:bgggkeuze"
"ct:362","skos:Concept","362","colt:bgggkeuze",,"weinig leemh. zand met grind",,,,,,,,,,,,,"cs:bgggkeuze",,,,,,,"cs:bgggkeuze"
"ct:363","skos:Concept","363","colt:bgggkeuze",,"weinig plastisch zandh. leem of zandh. silt",,,,,,,,,,,,,"cs:bgggkeuze",,,,,,,"cs:bgggkeuze"
"ct:364","skos:Concept","364","colt:bgggkeuze",,"weinig plastische leem of silt",,,,,,,,,,,,,"cs:bgggkeuze",,,,,,,"cs:bgggkeuze"
"ct:365","skos:Concept","365","colt:bgggkeuze",,"weinig zandh. leem",,,,,,,,,,,,,"cs:bgggkeuze",,,,,,,"cs:bgggkeuze"
"ct:366","skos:Concept","366","colt:bgggkeuze",,"zand",,,,,,,,,,,,,"cs:bgggkeuze",,,,,,,"cs:bgggkeuze"
"ct:37","skos:Concept","37","colt:bgggkeuze",,"grof grind of stenen en zand",,,,,,,,,,,,,"cs:bgggkeuze",,,,,,,"cs:bgggkeuze"
"ct:370","skos:Concept","370","colt:bgggkeuze",,"zandh. grindh. en schelpengruish. klei",,,,,,,,,,,,,"cs:bgggkeuze",,,,,,,"cs:bgggkeuze"
"ct:371","skos:Concept","371","colt:bgggkeuze",,"zandh. kalksteen of zandh. krijt",,,,,,,,,,,,,"cs:bgggkeuze",,,,,,,"cs:bgggkeuze"
"ct:372","skos:Concept","372","colt:bgggkeuze",,"zandh. klei",,,,,,,,,,,,,"cs:bgggkeuze",,,,,,,"cs:bgggkeuze"
"ct:373","skos:Concept","373","colt:bgggkeuze",,"zandh. klei met schelpgruis",,,,,,,,,,,,,"cs:bgggkeuze",,,,,,,"cs:bgggkeuze"
"ct:374","skos:Concept","374","colt:bgggkeuze",,"zandh. leem",,,,,,,,,,,,,"cs:bgggkeuze",,,,,,,"cs:bgggkeuze"
"ct:375","skos:Concept","375","colt:bgggkeuze",,"zandh. leem of klei",,,,,,,,,,,,,"cs:bgggkeuze",,,,,,,"cs:bgggkeuze"
"ct:376","skos:Concept","376","colt:bgggkeuze",,"zandh. veen",,,,,,,,,,,,,"cs:bgggkeuze",,,,,,,"cs:bgggkeuze"
"ct:377","skos:Concept","377","colt:bgggkeuze",,"zandh. weinig plastisch leem of silt",,,,,,,,,,,,,"cs:bgggkeuze",,,,,,,"cs:bgggkeuze"
"ct:378","skos:Concept","378","colt:bgggkeuze",,"weinig kalkh. sterk humush. zandh. leem à zandh. klei",,,,,,,,,,,,,"cs:bgggkeuze",,,,,,,"cs:bgggkeuze"
"ct:379","skos:Concept","379","colt:bgggkeuze",,"weinig kalkh. weinig humush. zandh. leem à zandh. klei",,,,,,,,,,,,,"cs:bgggkeuze",,,,,,,"cs:bgggkeuze"
"ct:38","skos:Concept","38","colt:bgggkeuze",,"grofzand",,,,,,,,,,,,,"cs:bgggkeuze",,,,,,,"cs:bgggkeuze"
"ct:380","skos:Concept","380","colt:bgggkeuze",,"weinig kalkh. weinig kleih. fijnzand à weinig plastische zandh. leem",,,,,,,,,,,,,"cs:bgggkeuze",,,,,,,"cs:bgggkeuze"
"ct:381","skos:Concept","381","colt:bgggkeuze",,"weinig kalkh. weinig leemh. fijnzand à weinig plastisch zandh. leem of zandh. silt",,,,,,,,,,,,,"cs:bgggkeuze",,,,,,,"cs:bgggkeuze"
"ct:382","skos:Concept","382","colt:bgggkeuze",,"weinig kalkh. weinig leemh. zand à weinig plastisch zandh. leem of zandh. silt",,,,,,,,,,,,,"cs:bgggkeuze",,,,,,,"cs:bgggkeuze"
"ct:383","skos:Concept","383","colt:bgggkeuze",,"weinig kalkh. weinig plastisch zandh. leem of silt à weinig kalkh. weinig leemh. zand",,,,,,,,,,,,,"cs:bgggkeuze",,,,,,,"cs:bgggkeuze"
"ct:384","skos:Concept","384","colt:bgggkeuze",,"weinig kalkh. zandh. klei à zandh. leem",,,,,,,,,,,,,"cs:bgggkeuze",,,,,,,"cs:bgggkeuze"
"ct:385","skos:Concept","385","colt:bgggkeuze",,"weinig kalkh. zandh. leem à weinig kalkh. leemh. fijnzand",,,,,,,,,,,,,"cs:bgggkeuze",,,,,,,"cs:bgggkeuze"
"ct:386","skos:Concept","386","colt:bgggkeuze",,"weinig kalkh. zandh. leem à zandh. klei",,,,,,,,,,,,,"cs:bgggkeuze",,,,,,,"cs:bgggkeuze"
"ct:387","skos:Concept","387","colt:bgggkeuze",,"weinig kleih à weinig leemh fijnzand",,,,,,,,,,,,,"cs:bgggkeuze",,,,,,,"cs:bgggkeuze"
"ct:388","skos:Concept","388","colt:bgggkeuze",,"weinig kleih. fijnzand à weinig plastisch zandh. leem of zandh. silt",,,,,,,,,,,,,"cs:bgggkeuze",,,,,,,"cs:bgggkeuze"
"ct:389","skos:Concept","389","colt:bgggkeuze",,"weinig leemh. fijnzand à weinig plastisch zandh. leem of zandh. silt",,,,,,,,,,,,,"cs:bgggkeuze",,,,,,,"cs:bgggkeuze"
"ct:39","skos:Concept","39","colt:bgggkeuze",,"grofzand met grind",,,,,,,,,,,,,"cs:bgggkeuze",,,,,,,"cs:bgggkeuze"
"ct:390","skos:Concept","390","colt:bgggkeuze",,"zand à weinig plastisch zandh. leem of zandh. silt",,,,,,,,,,,,,"cs:bgggkeuze",,,,,,,"cs:bgggkeuze"
"ct:391","skos:Concept","391","colt:bgggkeuze",,"zandh. klei à zandh. leem",,,,,,,,,,,,,"cs:bgggkeuze",,,,,,,"cs:bgggkeuze"
"ct:392","skos:Concept","392","colt:bgggkeuze",,"zandh. leem à zandh. klei",,,,,,,,,,,,,"cs:bgggkeuze",,,,,,,"cs:bgggkeuze"
"ct:393","skos:Concept","393","colt:bgggkeuze",,"grind en leemh. zand à zandh. leem",,,,,,,,,,,,,"cs:bgggkeuze",,,,,,,"cs:bgggkeuze"
"ct:394","skos:Concept","394","colt:bgggkeuze",,"grindh. leemh. fijnzand à zandh. leem",,,,,,,,,,,,,"cs:bgggkeuze",,,,,,,"cs:bgggkeuze"
"ct:395","skos:Concept","395","colt:bgggkeuze",,"grindh. leemh. zand à zandh. leem",,,,,,,,,,,,,"cs:bgggkeuze",,,,,,,"cs:bgggkeuze"
"ct:396","skos:Concept","396","colt:bgggkeuze",,"grindh. leemh. à kleih. fijnzand",,,,,,,,,,,,,"cs:bgggkeuze",,,,,,,"cs:bgggkeuze"
"ct:397","skos:Concept","397","colt:bgggkeuze",,"grindh. zandh. klei à zandh. leem",,,,,,,,,,,,,"cs:bgggkeuze",,,,,,,"cs:bgggkeuze"
"ct:398","skos:Concept","398","colt:bgggkeuze",,"grindh. zandh. leem à zandh. klei",,,,,,,,,,,,,"cs:bgggkeuze",,,,,,,"cs:bgggkeuze"
"ct:399","skos:Concept","399","colt:bgggkeuze",,"humush. kleih. fijnzand à zandh. leem",,,,,,,,,,,,,"cs:bgggkeuze",,,,,,,"cs:bgggkeuze"
"ct:4","skos:Concept","4","colt:bgggkeuze",,"fijnzand",,,,,,,,,,,,,"cs:bgggkeuze",,,,,,,"cs:bgggkeuze"
"ct:40","skos:Concept","40","colt:bgggkeuze",,"humush. fijnzand",,,,,,,,,,,,,"cs:bgggkeuze",,,,,,,"cs:bgggkeuze"
"ct:400","skos:Concept","400","colt:bgggkeuze",,"humush. zandh. leem à zandh. klei",,,,,,,,,,,,,"cs:bgggkeuze",,,,,,,"cs:bgggkeuze"
"ct:401","skos:Concept","401","colt:bgggkeuze",,"kalkh. grindh. leemh. zand à zandh. leem",,,,,,,,,,,,,"cs:bgggkeuze",,,,,,,"cs:bgggkeuze"
"ct:402","skos:Concept","402","colt:bgggkeuze",,"kalkh. humush. leemh. fijnzand à zandh. leem",,,,,,,,,,,,,"cs:bgggkeuze",,,,,,,"cs:bgggkeuze"
"ct:403","skos:Concept","403","colt:bgggkeuze",,"kalkh. humush. zandh. leem à klei",,,,,,,,,,,,,"cs:bgggkeuze",,,,,,,"cs:bgggkeuze"
"ct:404","skos:Concept","404","colt:bgggkeuze",,"kalkh. kleih. fijnzand à zandh. klei",,,,,,,,,,,,,"cs:bgggkeuze",,,,,,,"cs:bgggkeuze"
"ct:405","skos:Concept","405","colt:bgggkeuze",,"kalkh. kleih. fijnzand à zandh. leem",,,,,,,,,,,,,"cs:bgggkeuze",,,,,,,"cs:bgggkeuze"
"ct:406","skos:Concept","406","colt:bgggkeuze",,"kalkh. leemh. fijnzand à zandh. leem",,,,,,,,,,,,,"cs:bgggkeuze",,,,,,,"cs:bgggkeuze"
"ct:407","skos:Concept","407","colt:bgggkeuze",,"kalkh. leemh. zand à zandh. leem",,,,,,,,,,,,,"cs:bgggkeuze",,,,,,,"cs:bgggkeuze"
"ct:408","skos:Concept","408","colt:bgggkeuze",,"kalkh. weinig humush. grindh. zandh. leem à zandh. klei",,,,,,,,,,,,,"cs:bgggkeuze",,,,,,,"cs:bgggkeuze"
"ct:409","skos:Concept","409","colt:bgggkeuze",,"kalkh. weinig humush. kleih. fijnzand à zandh. leem",,,,,,,,,,,,,"cs:bgggkeuze",,,,,,,"cs:bgggkeuze"
"ct:41","skos:Concept","41","colt:bgggkeuze",,"humush. grindh. zandh. klei",,,,,,,,,,,,,"cs:bgggkeuze",,,,,,,"cs:bgggkeuze"
"ct:410","skos:Concept","410","colt:bgggkeuze",,"kalkh. weinig humush. kleih. zand à zandh. klei",,,,,,,,,,,,,"cs:bgggkeuze",,,,,,,"cs:bgggkeuze"
"ct:411","skos:Concept","411","colt:bgggkeuze",,"kalkh. weinig humush. leemh. fijnzand à zandh. leem",,,,,,,,,,,,,"cs:bgggkeuze",,,,,,,"cs:bgggkeuze"
"ct:412","skos:Concept","412","colt:bgggkeuze",,"kalkh. weinig humush. zandh. klei à leem",,,,,,,,,,,,,"cs:bgggkeuze",,,,,,,"cs:bgggkeuze"
"ct:413","skos:Concept","413","colt:bgggkeuze",,"kalkh. weinig humush. zandh. leem à klei",,,,,,,,,,,,,"cs:bgggkeuze",,,,,,,"cs:bgggkeuze"
"ct:414","skos:Concept","414","colt:bgggkeuze",,"kalkh. weinig humush. zandh. leem à leemh. fijnzand",,,,,,,,,,,,,"cs:bgggkeuze",,,,,,,"cs:bgggkeuze"
"ct:415","skos:Concept","415","colt:bgggkeuze",,"kalkh. weinig humush. zandh. leem à zandh. klei",,,,,,,,,,,,,"cs:bgggkeuze",,,,,,,"cs:bgggkeuze"
"ct:416","skos:Concept","416","colt:bgggkeuze",,"kalkh. weinig kleih. fijnzand à weinig plastisch zandh. leem of zandh. silt",,,,,,,,,,,,,"cs:bgggkeuze",,,,,,,"cs:bgggkeuze"
"ct:417","skos:Concept","417","colt:bgggkeuze",,"kalkh. weinig zandh. plastisch leem of silt à kalkh. weinig leemh. fijnzand",,,,,,,,,,,,,"cs:bgggkeuze",,,,,,,"cs:bgggkeuze"
"ct:418","skos:Concept","418","colt:bgggkeuze",,"kalkh. zandh. leem à zandh. klei",,,,,,,,,,,,,"cs:bgggkeuze",,,,,,,"cs:bgggkeuze"
"ct:419","skos:Concept","419","colt:bgggkeuze",,"kalkh. à weinig schelpenh. zand",,,,,,,,,,,,,"cs:bgggkeuze",,,,,,,"cs:bgggkeuze"
"ct:42","skos:Concept","42","colt:bgggkeuze",,"humush. kalkh. klei",,,,,,,,,,,,,"cs:bgggkeuze",,,,,,,"cs:bgggkeuze"
"ct:420","skos:Concept","420","colt:bgggkeuze",,"kleih. fijnzand à zandh. leem",,,,,,,,,,,,,"cs:bgggkeuze",,,,,,,"cs:bgggkeuze"
"ct:421","skos:Concept","421","colt:bgggkeuze",,"kleih. zand à zandh. leem",,,,,,,,,,,,,"cs:bgggkeuze",,,,,,,"cs:bgggkeuze"
"ct:422","skos:Concept","422","colt:bgggkeuze",,"leemh. fijnzand à weinig kalkh. zandh. leem",,,,,,,,,,,,,"cs:bgggkeuze",,,,,,,"cs:bgggkeuze"
"ct:423","skos:Concept","423","colt:bgggkeuze",,"leemh. fijnzand à zandh. leem",,,,,,,,,,,,,"cs:bgggkeuze",,,,,,,"cs:bgggkeuze"
"ct:424","skos:Concept","424","colt:bgggkeuze",,"leemh. zand à zandh. leem",,,,,,,,,,,,,"cs:bgggkeuze",,,,,,,"cs:bgggkeuze"
"ct:425","skos:Concept","425","colt:bgggkeuze",,"schelph. weinig humush. leemh. zand à zandh. leem",,,,,,,,,,,,,"cs:bgggkeuze",,,,,,,"cs:bgggkeuze"
"ct:426","skos:Concept","426","colt:bgggkeuze",,"sterk humush. sterk kalkh. weinig zandh. leem à klei",,,,,,,,,,,,,"cs:bgggkeuze",,,,,,,"cs:bgggkeuze"
"ct:427","skos:Concept","427","colt:bgggkeuze",,"sterk kalkh. zandh. leem à zandh. klei",,,,,,,,,,,,,"cs:bgggkeuze",,,,,,,"cs:bgggkeuze"
"ct:428","skos:Concept","428","colt:bgggkeuze",,"weinig humush. zandh. leem à zandh. klei",,,,,,,,,,,,,"cs:bgggkeuze",,,,,,,"cs:bgggkeuze"
"ct:429","skos:Concept","429","colt:bgggkeuze",,"weinig kalkh. grindh. leemh. zand à zandh. leem",,,,,,,,,,,,,"cs:bgggkeuze",,,,,,,"cs:bgggkeuze"
"ct:43","skos:Concept","43","colt:bgggkeuze",,"humush. kalkh. zandh. klei",,,,,,,,,,,,,"cs:bgggkeuze",,,,,,,"cs:bgggkeuze"
"ct:430","skos:Concept","430","colt:bgggkeuze",,"weinig kalkh. grindh. zandh. leem à zandh. klei",,,,,,,,,,,,,"cs:bgggkeuze",,,,,,,"cs:bgggkeuze"
"ct:431","skos:Concept","431","colt:bgggkeuze",,"weinig kalkh. kleih. fijnzand à zandh. leem",,,,,,,,,,,,,"cs:bgggkeuze",,,,,,,"cs:bgggkeuze"
"ct:432","skos:Concept","432","colt:bgggkeuze",,"weinig kalkh. leemh. fijnzand à zandh. leem",,,,,,,,,,,,,"cs:bgggkeuze",,,,,,,"cs:bgggkeuze"
"ct:433","skos:Concept","433","colt:bgggkeuze",,"weinig kalkh. leemh. fijnzand à zandh. silt",,,,,,,,,,,,,"cs:bgggkeuze",,,,,,,"cs:bgggkeuze"
"ct:434","skos:Concept","434","colt:bgggkeuze",,"weinig kalkh. leemh. zand à zandh. leem",,,,,,,,,,,,,"cs:bgggkeuze",,,,,,,"cs:bgggkeuze"
"ct:44","skos:Concept","44","colt:bgggkeuze",,"humush. klei",,,,,,,,,,,,,"cs:bgggkeuze",,,,,,,"cs:bgggkeuze"
"ct:45","skos:Concept","45","colt:bgggkeuze",,"humush. kleih. fijnzand",,,,,,,,,,,,,"cs:bgggkeuze",,,,,,,"cs:bgggkeuze"
"ct:46","skos:Concept","46","colt:bgggkeuze",,"humush. krijt",,,,,,,,,,,,,"cs:bgggkeuze",,,,,,,"cs:bgggkeuze"
"ct:47","skos:Concept","47","colt:bgggkeuze",,"humush. leemh. fijnzand",,,,,,,,,,,,,"cs:bgggkeuze",,,,,,,"cs:bgggkeuze"
"ct:48","skos:Concept","48","colt:bgggkeuze",,"humush. leemh. zand",,,,,,,,,,,,,"cs:bgggkeuze",,,,,,,"cs:bgggkeuze"
"ct:49","skos:Concept","49","colt:bgggkeuze",,"humush. sterk kalkh. zandh. klei",,,,,,,,,,,,,"cs:bgggkeuze",,,,,,,"cs:bgggkeuze"
"ct:5","skos:Concept","5","colt:bgggkeuze",,"fijnzand met grind",,,,,,,,,,,,,"cs:bgggkeuze",,,,,,,"cs:bgggkeuze"
"ct:50","skos:Concept","50","colt:bgggkeuze",,"humush. weinig kalkh. klei",,,,,,,,,,,,,"cs:bgggkeuze",,,,,,,"cs:bgggkeuze"
"ct:51","skos:Concept","51","colt:bgggkeuze",,"humush. zand",,,,,,,,,,,,,"cs:bgggkeuze",,,,,,,"cs:bgggkeuze"
"ct:52","skos:Concept","52","colt:bgggkeuze",,"humush. zandh. klei",,,,,,,,,,,,,"cs:bgggkeuze",,,,,,,"cs:bgggkeuze"
"ct:53","skos:Concept","53","colt:bgggkeuze",,"humush. zandh. leem",,,,,,,,,,,,,"cs:bgggkeuze",,,,,,,"cs:bgggkeuze"
"ct:54","skos:Concept","54","colt:bgggkeuze",,"kalkh. en schelph. grofzand",,,,,,,,,,,,,"cs:bgggkeuze",,,,,,,"cs:bgggkeuze"
"ct:55","skos:Concept","55","colt:bgggkeuze",,"kalkh. fijnzand",,,,,,,,,,,,,"cs:bgggkeuze",,,,,,,"cs:bgggkeuze"
"ct:56","skos:Concept","56","colt:bgggkeuze",,"kalkh. grind en leemh. zand",,,,,,,,,,,,,"cs:bgggkeuze",,,,,,,"cs:bgggkeuze"
"ct:57","skos:Concept","57","colt:bgggkeuze",,"kalkh. grind en weinig leemh. zand",,,,,,,,,,,,,"cs:bgggkeuze",,,,,,,"cs:bgggkeuze"
"ct:58","skos:Concept","58","colt:bgggkeuze",,"kalkh. grindh. fijnzand",,,,,,,,,,,,,"cs:bgggkeuze",,,,,,,"cs:bgggkeuze"
"ct:59","skos:Concept","59","colt:bgggkeuze",,"kalkh. grindh. klei",,,,,,,,,,,,,"cs:bgggkeuze",,,,,,,"cs:bgggkeuze"
"ct:6","skos:Concept","6","colt:bgggkeuze",,"gips",,,,,,,,,,,,,"cs:bgggkeuze",,,,,,,"cs:bgggkeuze"
"ct:60","skos:Concept","60","colt:bgggkeuze",,"kalkh. grindh. kleih. grofzand",,,,,,,,,,,,,"cs:bgggkeuze",,,,,,,"cs:bgggkeuze"
"ct:61","skos:Concept","61","colt:bgggkeuze",,"kalkh. grindh. kleih. zand",,,,,,,,,,,,,"cs:bgggkeuze",,,,,,,"cs:bgggkeuze"
"ct:618","skos:Concept","618","colt:bgggkeuze",,"middelgrof zand",,,,,,,,,,,,,"cs:bgggkeuze",,,,,,,"cs:bgggkeuze"
"ct:619","skos:Concept","619","colt:bgggkeuze",,"kleihoudend (fijn) zand",,,,,,,,,,,,,"cs:bgggkeuze",,,,,,,"cs:bgggkeuze"
"ct:62","skos:Concept","62","colt:bgggkeuze",,"kalkh. grindh. leemh. fijnzand",,,,,,,,,,,,,"cs:bgggkeuze",,,,,,,"cs:bgggkeuze"
"ct:620","skos:Concept","620","colt:bgggkeuze",,"grindh.",,,,,,,,,,,,,"cs:bgggkeuze",,,,,,,"cs:bgggkeuze"
"ct:621","skos:Concept","621","colt:bgggkeuze",,"fijn zand",,,,,,,,,,,,,"cs:bgggkeuze",,,,,,,"cs:bgggkeuze"
"ct:623","skos:Concept","623","colt:bgggkeuze",,"kalkh. grindh. weinig leemh. zand",,,,,,,,,,,,,"cs:bgggkeuze",,,,,,,"cs:bgggkeuze"
"ct:624","skos:Concept","624","colt:bgggkeuze",,"krijt",,,,,,,,,,,,,"cs:bgggkeuze",,,,,,,"cs:bgggkeuze"
"ct:625","skos:Concept","625","colt:bgggkeuze",,"sterk kalkh. steengruis",,,,,,,,,,,,,"cs:bgggkeuze",,,,,,,"cs:bgggkeuze"
"ct:626","skos:Concept","626","colt:bgggkeuze",,"weinig kleih. à weinig leemh. fijnzand",,,,,,,,,,,,,"cs:bgggkeuze",,,,,,,"cs:bgggkeuze"
"ct:627","skos:Concept","627","colt:bgggkeuze",,"kalkh. grindh. weinig kleih. fijnzand",,,,,,,,,,,,,"cs:bgggkeuze",,,,,,,"cs:bgggkeuze"
"ct:628","skos:Concept","628","colt:bgggkeuze",,"sterk kalkh. leemh. zand à zandh. leem",,,,,,,,,,,,,"cs:bgggkeuze",,,,,,,"cs:bgggkeuze"
"ct:629","skos:Concept","629","colt:bgggkeuze",,"schelph. weinig leemh. fijnzand",,,,,,,,,,,,,"cs:bgggkeuze",,,,,,,"cs:bgggkeuze"
"ct:63","skos:Concept","63","colt:bgggkeuze",,"kalkh. grindh. leemh. of kleih. fijnzand",,,,,,,,,,,,,"cs:bgggkeuze",,,,,,,"cs:bgggkeuze"
"ct:630","skos:Concept","630","colt:bgggkeuze",,"kalkh. humush. zandh. leem à zandh. klei",,,,,,,,,,,,,"cs:bgggkeuze",,,,,,,"cs:bgggkeuze"
"ct:631","skos:Concept","631","colt:bgggkeuze",,"kalkh. leemh. grofzand",,,,,,,,,,,,,"cs:bgggkeuze",,,,,,,"cs:bgggkeuze"
"ct:632","skos:Concept","632","colt:bgggkeuze",,"fijn grind en zand",,,,,,,,,,,,,"cs:bgggkeuze",,,,,,,"cs:bgggkeuze"
"ct:633","skos:Concept","633","colt:bgggkeuze",,"kleih. fijnzand à leemh. fijnzand",,,,,,,,,,,,,"cs:bgggkeuze",,,,,,,"cs:bgggkeuze"
"ct:64","skos:Concept","64","colt:bgggkeuze",,"kalkh. grindh. leemh. zand",,,,,,,,,,,,,"cs:bgggkeuze",,,,,,,"cs:bgggkeuze"
"ct:640","skos:Concept","640","colt:bgggkeuze",,"schelph. weinig humush. zandh. leem",,,,,,,,,,,,,"cs:bgggkeuze",,,,,,,"cs:bgggkeuze"
"ct:656","skos:Concept","656","colt:bgggkeuze",,"weinig kalkh. humush. kleih. fijnzand",,,,,,,,,,,,,"cs:bgggkeuze",,,,,,,"cs:bgggkeuze"
"ct:657","skos:Concept","657","colt:bgggkeuze",,"humush. weinig kleih. fijnzand",,,,,,,,,,,,,"cs:bgggkeuze",,,,,,,"cs:bgggkeuze"
"ct:66","skos:Concept","66","colt:bgggkeuze",,"kalkh. grindh. weinig leemh. fijnzand",,,,,,,,,,,,,"cs:bgggkeuze",,,,,,,"cs:bgggkeuze"
"ct:67","skos:Concept","67","colt:bgggkeuze",,"kalkh. grindh. zand",,,,,,,,,,,,,"cs:bgggkeuze",,,,,,,"cs:bgggkeuze"
"ct:68","skos:Concept","68","colt:bgggkeuze",,"kalkh. grindh. zandh. klei",,,,,,,,,,,,,"cs:bgggkeuze",,,,,,,"cs:bgggkeuze"
"ct:69","skos:Concept","69","colt:bgggkeuze",,"kalkh. grindh. zandh. leem",,,,,,,,,,,,,"cs:bgggkeuze",,,,,,,"cs:bgggkeuze"
"ct:7","skos:Concept","7","colt:bgggkeuze",,"grind",,,,,,,,,,,,,"cs:bgggkeuze",,,,,,,"cs:bgggkeuze"
"ct:70","skos:Concept","70","colt:bgggkeuze",,"kalkh. grofzand",,,,,,,,,,,,,"cs:bgggkeuze",,,,,,,"cs:bgggkeuze"
"ct:71","skos:Concept","71","colt:bgggkeuze",,"kalkh. humush. fijnzand",,,,,,,,,,,,,"cs:bgggkeuze",,,,,,,"cs:bgggkeuze"
"ct:72","skos:Concept","72","colt:bgggkeuze",,"kalkh. humush. klei",,,,,,,,,,,,,"cs:bgggkeuze",,,,,,,"cs:bgggkeuze"
"ct:73","skos:Concept","73","colt:bgggkeuze",,"kalkh. humush. kleih. fijnzand",,,,,,,,,,,,,"cs:bgggkeuze",,,,,,,"cs:bgggkeuze"
"ct:74","skos:Concept","74","colt:bgggkeuze",,"kalkh. humush. kleih. zand",,,,,,,,,,,,,"cs:bgggkeuze",,,,,,,"cs:bgggkeuze"
"ct:75","skos:Concept","75","colt:bgggkeuze",,"kalkh. humush. leem",,,,,,,,,,,,,"cs:bgggkeuze",,,,,,,"cs:bgggkeuze"
"ct:76","skos:Concept","76","colt:bgggkeuze",,"kalkh. humush. leemh. fijnzand",,,,,,,,,,,,,"cs:bgggkeuze",,,,,,,"cs:bgggkeuze"
"ct:77","skos:Concept","77","colt:bgggkeuze",,"kalkh. humush. weinig kleih. fijnzand",,,,,,,,,,,,,"cs:bgggkeuze",,,,,,,"cs:bgggkeuze"
"ct:78","skos:Concept","78","colt:bgggkeuze",,"kalkh. humush. weinig kleih. zand",,,,,,,,,,,,,"cs:bgggkeuze",,,,,,,"cs:bgggkeuze"
"ct:79","skos:Concept","79","colt:bgggkeuze",,"kalkh. humush. weinig leemh. fijnzand",,,,,,,,,,,,,"cs:bgggkeuze",,,,,,,"cs:bgggkeuze"
"ct:8","skos:Concept","8","colt:bgggkeuze",,"grind en grofzand",,,,,,,,,,,,,"cs:bgggkeuze",,,,,,,"cs:bgggkeuze"
"ct:80","skos:Concept","80","colt:bgggkeuze",,"kalkh. humush. zandh. klei",,,,,,,,,,,,,"cs:bgggkeuze",,,,,,,"cs:bgggkeuze"
"ct:81","skos:Concept","81","colt:bgggkeuze",,"kalkh. humush. zandh. leem",,,,,,,,,,,,,"cs:bgggkeuze",,,,,,,"cs:bgggkeuze"
"ct:82","skos:Concept","82","colt:bgggkeuze",,"kalkh. humush. zandh. leem met schelpresten",,,,,,,,,,,,,"cs:bgggkeuze",,,,,,,"cs:bgggkeuze"
"ct:83","skos:Concept","83","colt:bgggkeuze",,"kalkh. klei",,,,,,,,,,,,,"cs:bgggkeuze",,,,,,,"cs:bgggkeuze"
"ct:84","skos:Concept","84","colt:bgggkeuze",,"kalkh. klei met grind",,,,,,,,,,,,,"cs:bgggkeuze",,,,,,,"cs:bgggkeuze"
"ct:85","skos:Concept","85","colt:bgggkeuze",,"kalkh. kleih. fijnzand",,,,,,,,,,,,,"cs:bgggkeuze",,,,,,,"cs:bgggkeuze"
"ct:86","skos:Concept","86","colt:bgggkeuze",,"kalkh. kleih. fijnzand met grind",,,,,,,,,,,,,"cs:bgggkeuze",,,,,,,"cs:bgggkeuze"
"ct:87","skos:Concept","87","colt:bgggkeuze",,"kalkh. kleih. fijnzand of zandh. leem",,,,,,,,,,,,,"cs:bgggkeuze",,,,,,,"cs:bgggkeuze"
"ct:88","skos:Concept","88","colt:bgggkeuze",,"kalkh. kleih. grofzand",,,,,,,,,,,,,"cs:bgggkeuze",,,,,,,"cs:bgggkeuze"
"ct:89","skos:Concept","89","colt:bgggkeuze",,"kalkh. kleih. zand",,,,,,,,,,,,,"cs:bgggkeuze",,,,,,,"cs:bgggkeuze"
"ct:9","skos:Concept","9","colt:bgggkeuze",,"grind en kleih. zand",,,,,,,,,,,,,"cs:bgggkeuze",,,,,,,"cs:bgggkeuze"
"ct:90","skos:Concept","90","colt:bgggkeuze",,"kalkh. leem",,,,,,,,,,,,,"cs:bgggkeuze",,,,,,,"cs:bgggkeuze"
"ct:91","skos:Concept","91","colt:bgggkeuze",,"kalkh. leemh. fijnzand",,,,,,,,,,,,,"cs:bgggkeuze",,,,,,,"cs:bgggkeuze"
"ct:92","skos:Concept","92","colt:bgggkeuze",,"kalkh. leemh. zand",,,,,,,,,,,,,"cs:bgggkeuze",,,,,,,"cs:bgggkeuze"
"ct:93","skos:Concept","93","colt:bgggkeuze",,"kalkh. of schelph. sterk humush. zandh. klei",,,,,,,,,,,,,"cs:bgggkeuze",,,,,,,"cs:bgggkeuze"
"ct:94","skos:Concept","94","colt:bgggkeuze",,"kalkh. sterk humush. klei",,,,,,,,,,,,,"cs:bgggkeuze",,,,,,,"cs:bgggkeuze"
"ct:95","skos:Concept","95","colt:bgggkeuze",,"kalkh. sterk humush. zandh. klei",,,,,,,,,,,,,"cs:bgggkeuze",,,,,,,"cs:bgggkeuze"
"ct:96","skos:Concept","96","colt:bgggkeuze",,"kalkh. veen",,,,,,,,,,,,,"cs:bgggkeuze",,,,,,,"cs:bgggkeuze"
"ct:97","skos:Concept","97","colt:bgggkeuze",,"kalkh. weinig humush. fijnzand",,,,,,,,,,,,,"cs:bgggkeuze",,,,,,,"cs:bgggkeuze"
"ct:98","skos:Concept","98","colt:bgggkeuze",,"kalkh. weinig humush. grind en zand",,,,,,,,,,,,,"cs:bgggkeuze",,,,,,,"cs:bgggkeuze"
"ct:99","skos:Concept","99","colt:bgggkeuze",,"kalkh. weinig humush. grindh. leemh. zand",,,,,,,,,,,,,"cs:bgggkeuze",,,,,,,"cs:bgggkeuze"
