uri,type,dc.id,collection,notation,prefLabel,altLabel,broader,broaderTransitive,broadMatch,changeNote,closeMatch,definition,editorialNote,exactMatch,example,hiddenLabel,historyNote,inScheme,mappingRelation,note,related,relatedMatch,scopeNote,semanticRelation,topConceptOf
colt:bgggkeuzes,skos:Collection,bgggkeuzes,,,Collectie van bgggkeuzes.,,,,,,,,,,,,,cs,bgggkeuze,,,,,,
ct:1,skos:Concept,1,colt:bgggkeuzes,,fijn grind,,,,,,,,,,,,,cs:bgggkeuze,,,,,,,cs:bgggkeuze
ct:2,skos:Concept,2,colt:bgggkeuzes,,fijn grind en kleih. grofzand,,,,,,,,,,,,,cs:bgggkeuze,,,,,,,cs:bgggkeuze
ct:3,skos:Concept,3,colt:bgggkeuzes,,fijn grind en leemh. grofzand,,,,,,,,,,,,,cs:bgggkeuze,,,,,,,cs:bgggkeuze
ct:4,skos:Concept,4,colt:bgggkeuzes,,fijnzand,,,,,,,,,,,,,cs:bgggkeuze,,,,,,,cs:bgggkeuze
ct:5,skos:Concept,5,colt:bgggkeuzes,,fijnzand met grind,,,,,,,,,,,,,cs:bgggkeuze,,,,,,,cs:bgggkeuze
ct:6,skos:Concept,6,colt:bgggkeuzes,,gips,,,,,,,,,,,,,cs:bgggkeuze,,,,,,,cs:bgggkeuze
ct:7,skos:Concept,7,colt:bgggkeuzes,,grind,,,,,,,,,,,,,cs:bgggkeuze,,,,,,,cs:bgggkeuze
ct:8,skos:Concept,8,colt:bgggkeuzes,,grind en grofzand,,,,,,,,,,,,,cs:bgggkeuze,,,,,,,cs:bgggkeuze
ct:9,skos:Concept,9,colt:bgggkeuzes,,grind en kleih. zand,,,,,,,,,,,,,cs:bgggkeuze,,,,,,,cs:bgggkeuze
ct:10,skos:Concept,10,colt:bgggkeuzes,,grind en leemh. grofzand,,,,,,,,,,,,,cs:bgggkeuze,,,,,,,cs:bgggkeuze
ct:11,skos:Concept,11,colt:bgggkeuzes,,grind en leemh. zand,,,,,,,,,,,,,cs:bgggkeuze,,,,,,,cs:bgggkeuze
ct:390,skos:Concept,390,colt:bgggkeuzes,,zand à weinig plastisch zandh. leem of zandh. silt,,,,,,,,,,,,,cs:bgggkeuze,,,,,,,cs:bgggkeuze
ct:388,skos:Concept,388,colt:bgggkeuzes,,weinig kleih. fijnzand à weinig plastisch zandh. leem of zandh. silt,,,,,,,,,,,,,cs:bgggkeuze,,,,,,,cs:bgggkeuze
ct:14,skos:Concept,14,colt:bgggkeuzes,,grind en zand,,,,,,,,,,,,,cs:bgggkeuze,,,,,,,cs:bgggkeuze
ct:15,skos:Concept,15,colt:bgggkeuzes,,grind en zandh. klei,,,,,,,,,,,,,cs:bgggkeuze,,,,,,,cs:bgggkeuze
ct:16,skos:Concept,16,colt:bgggkeuzes,,grindh. fijnzand,,,,,,,,,,,,,cs:bgggkeuze,,,,,,,cs:bgggkeuze
ct:17,skos:Concept,17,colt:bgggkeuzes,,grindh. grofzand,,,,,,,,,,,,,cs:bgggkeuze,,,,,,,cs:bgggkeuze
ct:18,skos:Concept,18,colt:bgggkeuzes,,grindh. kalkh. leem,,,,,,,,,,,,,cs:bgggkeuze,,,,,,,cs:bgggkeuze
ct:19,skos:Concept,19,colt:bgggkeuzes,,grindh. kleih. fijnzand,,,,,,,,,,,,,cs:bgggkeuze,,,,,,,cs:bgggkeuze
ct:20,skos:Concept,20,colt:bgggkeuzes,,grindh. kleih. grofzand,,,,,,,,,,,,,cs:bgggkeuze,,,,,,,cs:bgggkeuze
ct:21,skos:Concept,21,colt:bgggkeuzes,,grindh. kleih. zand,,,,,,,,,,,,,cs:bgggkeuze,,,,,,,cs:bgggkeuze
ct:22,skos:Concept,22,colt:bgggkeuzes,,grindh. leemh. fijnzand,,,,,,,,,,,,,cs:bgggkeuze,,,,,,,cs:bgggkeuze
ct:23,skos:Concept,23,colt:bgggkeuzes,,grindh. leemh. grofzand,,,,,,,,,,,,,cs:bgggkeuze,,,,,,,cs:bgggkeuze
ct:24,skos:Concept,24,colt:bgggkeuzes,,grindh. leemh. of kleih. grofzand,,,,,,,,,,,,,cs:bgggkeuze,,,,,,,cs:bgggkeuze
ct:25,skos:Concept,25,colt:bgggkeuzes,,grindh. leemh. zand,,,,,,,,,,,,,cs:bgggkeuze,,,,,,,cs:bgggkeuze
ct:26,skos:Concept,26,colt:bgggkeuzes,,grindh. mergel,,,,,,,,,,,,,cs:bgggkeuze,,,,,,,cs:bgggkeuze
ct:626,skos:Concept,626,colt:bgggkeuzes,,weinig kleih. à weinig leemh. fijnzand,,,,,,,,,,,,,cs:bgggkeuze,,,,,,,cs:bgggkeuze
ct:100,skos:Concept,100,colt:bgggkeuzes,,kalkh. weinig humush. grindh. weinig leemh. zand,,,,,,,,,,,,,cs:bgggkeuze,,,,,,,cs:bgggkeuze
ct:631,skos:Concept,631,colt:bgggkeuzes,,kalkh. leemh. grofzand,,,,,,,,,,,,,cs:bgggkeuze,,,,,,,cs:bgggkeuze
ct:632,skos:Concept,632,colt:bgggkeuzes,,fijn grind en zand,,,,,,,,,,,,,cs:bgggkeuze,,,,,,,cs:bgggkeuze
ct:633,skos:Concept,633,colt:bgggkeuzes,,kleih. fijnzand à leemh. fijnzand,,,,,,,,,,,,,cs:bgggkeuze,,,,,,,cs:bgggkeuze
ct:32,skos:Concept,32,colt:bgggkeuzes,,grindh. zand,,,,,,,,,,,,,cs:bgggkeuze,,,,,,,cs:bgggkeuze
ct:33,skos:Concept,33,colt:bgggkeuzes,,grindh. zandh. klei,,,,,,,,,,,,,cs:bgggkeuze,,,,,,,cs:bgggkeuze
ct:34,skos:Concept,34,colt:bgggkeuzes,,grindh. zandh. leem,,,,,,,,,,,,,cs:bgggkeuze,,,,,,,cs:bgggkeuze
ct:36,skos:Concept,36,colt:bgggkeuzes,,grof grind,,,,,,,,,,,,,cs:bgggkeuze,,,,,,,cs:bgggkeuze
ct:37,skos:Concept,37,colt:bgggkeuzes,,grof grind of stenen en zand,,,,,,,,,,,,,cs:bgggkeuze,,,,,,,cs:bgggkeuze
ct:38,skos:Concept,38,colt:bgggkeuzes,,grofzand,,,,,,,,,,,,,cs:bgggkeuze,,,,,,,cs:bgggkeuze
ct:39,skos:Concept,39,colt:bgggkeuzes,,grofzand met grind,,,,,,,,,,,,,cs:bgggkeuze,,,,,,,cs:bgggkeuze
ct:40,skos:Concept,40,colt:bgggkeuzes,,humush. fijnzand,,,,,,,,,,,,,cs:bgggkeuze,,,,,,,cs:bgggkeuze
ct:41,skos:Concept,41,colt:bgggkeuzes,,humush. grindh. zandh. klei,,,,,,,,,,,,,cs:bgggkeuze,,,,,,,cs:bgggkeuze
ct:42,skos:Concept,42,colt:bgggkeuzes,,humush. kalkh. klei,,,,,,,,,,,,,cs:bgggkeuze,,,,,,,cs:bgggkeuze
ct:43,skos:Concept,43,colt:bgggkeuzes,,humush. kalkh. zandh. klei,,,,,,,,,,,,,cs:bgggkeuze,,,,,,,cs:bgggkeuze
ct:44,skos:Concept,44,colt:bgggkeuzes,,humush. klei,,,,,,,,,,,,,cs:bgggkeuze,,,,,,,cs:bgggkeuze
ct:45,skos:Concept,45,colt:bgggkeuzes,,humush. kleih. fijnzand,,,,,,,,,,,,,cs:bgggkeuze,,,,,,,cs:bgggkeuze
ct:46,skos:Concept,46,colt:bgggkeuzes,,humush. krijt,,,,,,,,,,,,,cs:bgggkeuze,,,,,,,cs:bgggkeuze
ct:47,skos:Concept,47,colt:bgggkeuzes,,humush. leemh. fijnzand,,,,,,,,,,,,,cs:bgggkeuze,,,,,,,cs:bgggkeuze
ct:48,skos:Concept,48,colt:bgggkeuzes,,humush. leemh. zand,,,,,,,,,,,,,cs:bgggkeuze,,,,,,,cs:bgggkeuze
ct:51,skos:Concept,51,colt:bgggkeuzes,,humush. zand,,,,,,,,,,,,,cs:bgggkeuze,,,,,,,cs:bgggkeuze
ct:52,skos:Concept,52,colt:bgggkeuzes,,humush. zandh. klei,,,,,,,,,,,,,cs:bgggkeuze,,,,,,,cs:bgggkeuze
ct:53,skos:Concept,53,colt:bgggkeuzes,,humush. zandh. leem,,,,,,,,,,,,,cs:bgggkeuze,,,,,,,cs:bgggkeuze
ct:54,skos:Concept,54,colt:bgggkeuzes,,kalkh. en schelph. grofzand,,,,,,,,,,,,,cs:bgggkeuze,,,,,,,cs:bgggkeuze
ct:55,skos:Concept,55,colt:bgggkeuzes,,kalkh. fijnzand,,,,,,,,,,,,,cs:bgggkeuze,,,,,,,cs:bgggkeuze
ct:56,skos:Concept,56,colt:bgggkeuzes,,kalkh. grind en leemh. zand,,,,,,,,,,,,,cs:bgggkeuze,,,,,,,cs:bgggkeuze
ct:58,skos:Concept,58,colt:bgggkeuzes,,kalkh. grindh. fijnzand,,,,,,,,,,,,,cs:bgggkeuze,,,,,,,cs:bgggkeuze
ct:59,skos:Concept,59,colt:bgggkeuzes,,kalkh. grindh. klei,,,,,,,,,,,,,cs:bgggkeuze,,,,,,,cs:bgggkeuze
ct:60,skos:Concept,60,colt:bgggkeuzes,,kalkh. grindh. kleih. grofzand,,,,,,,,,,,,,cs:bgggkeuze,,,,,,,cs:bgggkeuze
ct:61,skos:Concept,61,colt:bgggkeuzes,,kalkh. grindh. kleih. zand,,,,,,,,,,,,,cs:bgggkeuze,,,,,,,cs:bgggkeuze
ct:62,skos:Concept,62,colt:bgggkeuzes,,kalkh. grindh. leemh. fijnzand,,,,,,,,,,,,,cs:bgggkeuze,,,,,,,cs:bgggkeuze
ct:63,skos:Concept,63,colt:bgggkeuzes,,kalkh. grindh. leemh. of kleih. fijnzand,,,,,,,,,,,,,cs:bgggkeuze,,,,,,,cs:bgggkeuze
ct:64,skos:Concept,64,colt:bgggkeuzes,,kalkh. grindh. leemh. zand,,,,,,,,,,,,,cs:bgggkeuze,,,,,,,cs:bgggkeuze
ct:67,skos:Concept,67,colt:bgggkeuzes,,kalkh. grindh. zand,,,,,,,,,,,,,cs:bgggkeuze,,,,,,,cs:bgggkeuze
ct:68,skos:Concept,68,colt:bgggkeuzes,,kalkh. grindh. zandh. klei,,,,,,,,,,,,,cs:bgggkeuze,,,,,,,cs:bgggkeuze
ct:69,skos:Concept,69,colt:bgggkeuzes,,kalkh. grindh. zandh. leem,,,,,,,,,,,,,cs:bgggkeuze,,,,,,,cs:bgggkeuze
ct:70,skos:Concept,70,colt:bgggkeuzes,,kalkh. grofzand,,,,,,,,,,,,,cs:bgggkeuze,,,,,,,cs:bgggkeuze
ct:71,skos:Concept,71,colt:bgggkeuzes,,kalkh. humush. fijnzand,,,,,,,,,,,,,cs:bgggkeuze,,,,,,,cs:bgggkeuze
ct:72,skos:Concept,72,colt:bgggkeuzes,,kalkh. humush. klei,,,,,,,,,,,,,cs:bgggkeuze,,,,,,,cs:bgggkeuze
ct:73,skos:Concept,73,colt:bgggkeuzes,,kalkh. humush. kleih. fijnzand,,,,,,,,,,,,,cs:bgggkeuze,,,,,,,cs:bgggkeuze
ct:74,skos:Concept,74,colt:bgggkeuzes,,kalkh. humush. kleih. zand,,,,,,,,,,,,,cs:bgggkeuze,,,,,,,cs:bgggkeuze
ct:75,skos:Concept,75,colt:bgggkeuzes,,kalkh. humush. leem,,,,,,,,,,,,,cs:bgggkeuze,,,,,,,cs:bgggkeuze
ct:76,skos:Concept,76,colt:bgggkeuzes,,kalkh. humush. leemh. fijnzand,,,,,,,,,,,,,cs:bgggkeuze,,,,,,,cs:bgggkeuze
ct:80,skos:Concept,80,colt:bgggkeuzes,,kalkh. humush. zandh. klei,,,,,,,,,,,,,cs:bgggkeuze,,,,,,,cs:bgggkeuze
ct:81,skos:Concept,81,colt:bgggkeuzes,,kalkh. humush. zandh. leem,,,,,,,,,,,,,cs:bgggkeuze,,,,,,,cs:bgggkeuze
ct:656,skos:Concept,656,colt:bgggkeuzes,,weinig kalkh. humush. kleih. fijnzand,,,,,,,,,,,,,cs:bgggkeuze,,,,,,,cs:bgggkeuze
ct:83,skos:Concept,83,colt:bgggkeuzes,,kalkh. klei,,,,,,,,,,,,,cs:bgggkeuze,,,,,,,cs:bgggkeuze
ct:84,skos:Concept,84,colt:bgggkeuzes,,kalkh. klei met grind,,,,,,,,,,,,,cs:bgggkeuze,,,,,,,cs:bgggkeuze
ct:85,skos:Concept,85,colt:bgggkeuzes,,kalkh. kleih. fijnzand,,,,,,,,,,,,,cs:bgggkeuze,,,,,,,cs:bgggkeuze
ct:86,skos:Concept,86,colt:bgggkeuzes,,kalkh. kleih. fijnzand met grind,,,,,,,,,,,,,cs:bgggkeuze,,,,,,,cs:bgggkeuze
ct:87,skos:Concept,87,colt:bgggkeuzes,,kalkh. kleih. fijnzand of zandh. leem,,,,,,,,,,,,,cs:bgggkeuze,,,,,,,cs:bgggkeuze
ct:88,skos:Concept,88,colt:bgggkeuzes,,kalkh. kleih. grofzand,,,,,,,,,,,,,cs:bgggkeuze,,,,,,,cs:bgggkeuze
ct:89,skos:Concept,89,colt:bgggkeuzes,,kalkh. kleih. zand,,,,,,,,,,,,,cs:bgggkeuze,,,,,,,cs:bgggkeuze
ct:90,skos:Concept,90,colt:bgggkeuzes,,kalkh. leem,,,,,,,,,,,,,cs:bgggkeuze,,,,,,,cs:bgggkeuze
ct:91,skos:Concept,91,colt:bgggkeuzes,,kalkh. leemh. fijnzand,,,,,,,,,,,,,cs:bgggkeuze,,,,,,,cs:bgggkeuze
ct:92,skos:Concept,92,colt:bgggkeuzes,,kalkh. leemh. zand,,,,,,,,,,,,,cs:bgggkeuze,,,,,,,cs:bgggkeuze
ct:82,skos:Concept,82,colt:bgggkeuzes,,kalkh. humush. zandh. leem met schelpresten,,,,,,,,,,,,,cs:bgggkeuze,,,,,,,cs:bgggkeuze
ct:657,skos:Concept,657,colt:bgggkeuzes,,humush. weinig kleih. fijnzand,,,,,,,,,,,,,cs:bgggkeuze,,,,,,,cs:bgggkeuze
ct:640,skos:Concept,640,colt:bgggkeuzes,,schelph. weinig humush. zandh. leem,,,,,,,,,,,,,cs:bgggkeuze,,,,,,,cs:bgggkeuze
ct:96,skos:Concept,96,colt:bgggkeuzes,,kalkh. veen,,,,,,,,,,,,,cs:bgggkeuze,,,,,,,cs:bgggkeuze
ct:126,skos:Concept,126,colt:bgggkeuzes,,kalkh. zand,,,,,,,,,,,,,cs:bgggkeuze,,,,,,,cs:bgggkeuze
ct:127,skos:Concept,127,colt:bgggkeuzes,,kalkh. zandh. klei,,,,,,,,,,,,,cs:bgggkeuze,,,,,,,cs:bgggkeuze
ct:128,skos:Concept,128,colt:bgggkeuzes,,kalkh. zandh. leem,,,,,,,,,,,,,cs:bgggkeuze,,,,,,,cs:bgggkeuze
ct:130,skos:Concept,130,colt:bgggkeuzes,,kalksteen of krijt,,,,,,,,,,,,,cs:bgggkeuze,,,,,,,cs:bgggkeuze
ct:27,skos:Concept,27,colt:bgggkeuzes,,grindh. weinig kleih. fijnzand,,,,,,,,,,,,,cs:bgggkeuze,,,,,,,cs:bgggkeuze
ct:28,skos:Concept,28,colt:bgggkeuzes,,grindh. weinig kleih. grofzand,,,,,,,,,,,,,cs:bgggkeuze,,,,,,,cs:bgggkeuze
ct:93,skos:Concept,93,colt:bgggkeuzes,,kalkh. of schelph. sterk humush. zandh. klei,,,,,,,,,,,,,cs:bgggkeuze,,,,,,,cs:bgggkeuze
ct:94,skos:Concept,94,colt:bgggkeuzes,,kalkh. sterk humush. klei,,,,,,,,,,,,,cs:bgggkeuze,,,,,,,cs:bgggkeuze
ct:95,skos:Concept,95,colt:bgggkeuzes,,kalkh. sterk humush. zandh. klei,,,,,,,,,,,,,cs:bgggkeuze,,,,,,,cs:bgggkeuze
ct:97,skos:Concept,97,colt:bgggkeuzes,,kalkh. weinig humush. fijnzand,,,,,,,,,,,,,cs:bgggkeuze,,,,,,,cs:bgggkeuze
ct:98,skos:Concept,98,colt:bgggkeuzes,,kalkh. weinig humush. grind en zand,,,,,,,,,,,,,cs:bgggkeuze,,,,,,,cs:bgggkeuze
ct:99,skos:Concept,99,colt:bgggkeuzes,,kalkh. weinig humush. grindh. leemh. zand,,,,,,,,,,,,,cs:bgggkeuze,,,,,,,cs:bgggkeuze
ct:101,skos:Concept,101,colt:bgggkeuzes,,kalkh. weinig humush. grindh. zandh. klei,,,,,,,,,,,,,cs:bgggkeuze,,,,,,,cs:bgggkeuze
ct:102,skos:Concept,102,colt:bgggkeuzes,,kalkh. weinig humush. klei,,,,,,,,,,,,,cs:bgggkeuze,,,,,,,cs:bgggkeuze
ct:103,skos:Concept,103,colt:bgggkeuzes,,kalkh. weinig humush. kleih. fijnzand,,,,,,,,,,,,,cs:bgggkeuze,,,,,,,cs:bgggkeuze
ct:106,skos:Concept,106,colt:bgggkeuzes,,kalkh. weinig humush. leem,,,,,,,,,,,,,cs:bgggkeuze,,,,,,,cs:bgggkeuze
ct:118,skos:Concept,118,colt:bgggkeuzes,,kalkh. weinig leemh. fijnzand,,,,,,,,,,,,,cs:bgggkeuze,,,,,,,cs:bgggkeuze
ct:129,skos:Concept,129,colt:bgggkeuzes,,kalkh. zandh. weinig plastisch leem of silt,,,,,,,,,,,,,cs:bgggkeuze,,,,,,,cs:bgggkeuze
ct:131,skos:Concept,131,colt:bgggkeuzes,,kalktuf,,,,,,,,,,,,,cs:bgggkeuze,,,,,,,cs:bgggkeuze
ct:173,skos:Concept,173,colt:bgggkeuzes,,sterk humush. leemh. of kleih. fijnzand,,,,,,,,,,,,,cs:bgggkeuze,,,,,,,cs:bgggkeuze
ct:133,skos:Concept,133,colt:bgggkeuzes,,klei,,,,,,,,,,,,,cs:bgggkeuze,,,,,,,cs:bgggkeuze
ct:134,skos:Concept,134,colt:bgggkeuzes,,kleih. fijnzand,,,,,,,,,,,,,cs:bgggkeuze,,,,,,,cs:bgggkeuze
ct:135,skos:Concept,135,colt:bgggkeuzes,,kleih. fijnzand met grind,,,,,,,,,,,,,cs:bgggkeuze,,,,,,,cs:bgggkeuze
ct:136,skos:Concept,136,colt:bgggkeuzes,,kleih. grofzand,,,,,,,,,,,,,cs:bgggkeuze,,,,,,,cs:bgggkeuze
ct:628,skos:Concept,628,colt:bgggkeuzes,,sterk kalkh. leemh. zand à zandh. leem,,,,,,,,,,,,,cs:bgggkeuze,,,,,,,cs:bgggkeuze
ct:138,skos:Concept,138,colt:bgggkeuzes,,kleih. zand,,,,,,,,,,,,,cs:bgggkeuze,,,,,,,cs:bgggkeuze
ct:139,skos:Concept,139,colt:bgggkeuzes,,kleih. zand met grind,,,,,,,,,,,,,cs:bgggkeuze,,,,,,,cs:bgggkeuze
ct:140,skos:Concept,140,colt:bgggkeuzes,,leem,,,,,,,,,,,,,cs:bgggkeuze,,,,,,,cs:bgggkeuze
ct:141,skos:Concept,141,colt:bgggkeuzes,,leemh. fijnzand,,,,,,,,,,,,,cs:bgggkeuze,,,,,,,cs:bgggkeuze
ct:142,skos:Concept,142,colt:bgggkeuzes,,leemh. grofzand,,,,,,,,,,,,,cs:bgggkeuze,,,,,,,cs:bgggkeuze
ct:143,skos:Concept,143,colt:bgggkeuzes,,leemh. slibh. fijnzand,,,,,,,,,,,,,cs:bgggkeuze,,,,,,,cs:bgggkeuze
ct:144,skos:Concept,144,colt:bgggkeuzes,,leemh. slibh. fijnzand met slibmoten,,,,,,,,,,,,,cs:bgggkeuze,,,,,,,cs:bgggkeuze
ct:629,skos:Concept,629,colt:bgggkeuzes,,schelph. weinig leemh. fijnzand,,,,,,,,,,,,,cs:bgggkeuze,,,,,,,cs:bgggkeuze
ct:630,skos:Concept,630,colt:bgggkeuzes,,kalkh. humush. zandh. leem à zandh. klei,,,,,,,,,,,,,cs:bgggkeuze,,,,,,,cs:bgggkeuze
ct:147,skos:Concept,147,colt:bgggkeuzes,,leemh. zand,,,,,,,,,,,,,cs:bgggkeuze,,,,,,,cs:bgggkeuze
ct:148,skos:Concept,148,colt:bgggkeuzes,,mergel,,,,,,,,,,,,,cs:bgggkeuze,,,,,,,cs:bgggkeuze
ct:149,skos:Concept,149,colt:bgggkeuzes,,schelpengruish. humush. zandh. klei,,,,,,,,,,,,,cs:bgggkeuze,,,,,,,cs:bgggkeuze
ct:150,skos:Concept,150,colt:bgggkeuzes,,schelpengruish. klei,,,,,,,,,,,,,cs:bgggkeuze,,,,,,,cs:bgggkeuze
ct:151,skos:Concept,151,colt:bgggkeuzes,,schelph. fijnzand,,,,,,,,,,,,,cs:bgggkeuze,,,,,,,cs:bgggkeuze
ct:152,skos:Concept,152,colt:bgggkeuzes,,schelph. grofzand,,,,,,,,,,,,,cs:bgggkeuze,,,,,,,cs:bgggkeuze
ct:153,skos:Concept,153,colt:bgggkeuzes,,schelph. humush. grindh. leemh. zand,,,,,,,,,,,,,cs:bgggkeuze,,,,,,,cs:bgggkeuze
ct:154,skos:Concept,154,colt:bgggkeuzes,,schelph. humush. zandh. klei,,,,,,,,,,,,,cs:bgggkeuze,,,,,,,cs:bgggkeuze
ct:155,skos:Concept,155,colt:bgggkeuzes,,schelph. kleih. fijnzand,,,,,,,,,,,,,cs:bgggkeuze,,,,,,,cs:bgggkeuze
ct:156,skos:Concept,156,colt:bgggkeuzes,,schelph. kleih. grofzand,,,,,,,,,,,,,cs:bgggkeuze,,,,,,,cs:bgggkeuze
ct:157,skos:Concept,157,colt:bgggkeuzes,,schelph. kleih. zand,,,,,,,,,,,,,cs:bgggkeuze,,,,,,,cs:bgggkeuze
ct:158,skos:Concept,158,colt:bgggkeuzes,,schelph. leemh. fijnzand,,,,,,,,,,,,,cs:bgggkeuze,,,,,,,cs:bgggkeuze
ct:159,skos:Concept,159,colt:bgggkeuzes,,schelph. leemh. zand,,,,,,,,,,,,,cs:bgggkeuze,,,,,,,cs:bgggkeuze
ct:169,skos:Concept,169,colt:bgggkeuzes,,slib of leem,,,,,,,,,,,,,cs:bgggkeuze,,,,,,,cs:bgggkeuze
ct:217,skos:Concept,217,colt:bgggkeuzes,,sterk kalkh. venige leem met schelpresten,,,,,,,,,,,,,cs:bgggkeuze,,,,,,,cs:bgggkeuze
ct:166,skos:Concept,166,colt:bgggkeuzes,,schelph. zand,,,,,,,,,,,,,cs:bgggkeuze,,,,,,,cs:bgggkeuze
ct:167,skos:Concept,167,colt:bgggkeuzes,,schelph. zand met grind,,,,,,,,,,,,,cs:bgggkeuze,,,,,,,cs:bgggkeuze
ct:168,skos:Concept,168,colt:bgggkeuzes,,slib,,,,,,,,,,,,,cs:bgggkeuze,,,,,,,cs:bgggkeuze
ct:170,skos:Concept,170,colt:bgggkeuzes,,sterk humush. klei,,,,,,,,,,,,,cs:bgggkeuze,,,,,,,cs:bgggkeuze
ct:171,skos:Concept,171,colt:bgggkeuzes,,sterk humush. leemh. fijnzand,,,,,,,,,,,,,cs:bgggkeuze,,,,,,,cs:bgggkeuze
ct:172,skos:Concept,172,colt:bgggkeuzes,,sterk humush. leemh. zand,,,,,,,,,,,,,cs:bgggkeuze,,,,,,,cs:bgggkeuze
ct:177,skos:Concept,177,colt:bgggkeuzes,,sterk humush. zandh. klei,,,,,,,,,,,,,cs:bgggkeuze,,,,,,,cs:bgggkeuze
ct:178,skos:Concept,178,colt:bgggkeuzes,,sterk kalkh. en schelpengruish. humush. zandh. leem,,,,,,,,,,,,,cs:bgggkeuze,,,,,,,cs:bgggkeuze
ct:179,skos:Concept,179,colt:bgggkeuzes,,sterk kalkh. en schelpengruish. klei,,,,,,,,,,,,,cs:bgggkeuze,,,,,,,cs:bgggkeuze
ct:180,skos:Concept,180,colt:bgggkeuzes,,sterk kalkh. en schelph. zand,,,,,,,,,,,,,cs:bgggkeuze,,,,,,,cs:bgggkeuze
ct:183,skos:Concept,183,colt:bgggkeuzes,,sterk kalkh. grofzand,,,,,,,,,,,,,cs:bgggkeuze,,,,,,,cs:bgggkeuze
ct:184,skos:Concept,184,colt:bgggkeuzes,,sterk kalkh. humush. klei,,,,,,,,,,,,,cs:bgggkeuze,,,,,,,cs:bgggkeuze
ct:185,skos:Concept,185,colt:bgggkeuzes,,sterk kalkh. humush. zandh. klei,,,,,,,,,,,,,cs:bgggkeuze,,,,,,,cs:bgggkeuze
ct:186,skos:Concept,186,colt:bgggkeuzes,,sterk kalkh. klei,,,,,,,,,,,,,cs:bgggkeuze,,,,,,,cs:bgggkeuze
ct:187,skos:Concept,187,colt:bgggkeuzes,,sterk kalkh. kleih. fijnzand,,,,,,,,,,,,,cs:bgggkeuze,,,,,,,cs:bgggkeuze
ct:188,skos:Concept,188,colt:bgggkeuzes,,sterk kalkh. kleih. zand,,,,,,,,,,,,,cs:bgggkeuze,,,,,,,cs:bgggkeuze
ct:189,skos:Concept,189,colt:bgggkeuzes,,sterk kalkh. leem,,,,,,,,,,,,,cs:bgggkeuze,,,,,,,cs:bgggkeuze
ct:190,skos:Concept,190,colt:bgggkeuzes,,sterk kalkh. leem of klei,,,,,,,,,,,,,cs:bgggkeuze,,,,,,,cs:bgggkeuze
ct:191,skos:Concept,191,colt:bgggkeuzes,,sterk kalkh. of schelph. fijnzand,,,,,,,,,,,,,cs:bgggkeuze,,,,,,,cs:bgggkeuze
ct:193,skos:Concept,193,colt:bgggkeuzes,,sterk kalkh. of schelph. grofzand,,,,,,,,,,,,,cs:bgggkeuze,,,,,,,cs:bgggkeuze
ct:194,skos:Concept,194,colt:bgggkeuzes,,sterk kalkh. of schelph. humush. klei,,,,,,,,,,,,,cs:bgggkeuze,,,,,,,cs:bgggkeuze
ct:196,skos:Concept,196,colt:bgggkeuzes,,sterk kalkh. of schelph. humush. zandh. klei,,,,,,,,,,,,,cs:bgggkeuze,,,,,,,cs:bgggkeuze
ct:197,skos:Concept,197,colt:bgggkeuzes,,sterk kalkh. of schelph. kleih. fijnzand,,,,,,,,,,,,,cs:bgggkeuze,,,,,,,cs:bgggkeuze
ct:198,skos:Concept,198,colt:bgggkeuzes,,sterk kalkh. of schelph. kleih. zand,,,,,,,,,,,,,cs:bgggkeuze,,,,,,,cs:bgggkeuze
ct:199,skos:Concept,199,colt:bgggkeuzes,,sterk kalkh. of schelph. leemh. fijnzand,,,,,,,,,,,,,cs:bgggkeuze,,,,,,,cs:bgggkeuze
ct:200,skos:Concept,200,colt:bgggkeuzes,,sterk kalkh. of schelph. leemh. of kleih. zand,,,,,,,,,,,,,cs:bgggkeuze,,,,,,,cs:bgggkeuze
ct:201,skos:Concept,201,colt:bgggkeuzes,,sterk kalkh. of schelph. leemh. zand,,,,,,,,,,,,,cs:bgggkeuze,,,,,,,cs:bgggkeuze
ct:213,skos:Concept,213,colt:bgggkeuzes,,sterk kalkh. of schelph. zand,,,,,,,,,,,,,cs:bgggkeuze,,,,,,,cs:bgggkeuze
ct:214,skos:Concept,214,colt:bgggkeuzes,,sterk kalkh. of schelph. zandh. klei,,,,,,,,,,,,,cs:bgggkeuze,,,,,,,cs:bgggkeuze
ct:215,skos:Concept,215,colt:bgggkeuzes,,sterk kalkh. of schelph. zandh. leem,,,,,,,,,,,,,cs:bgggkeuze,,,,,,,cs:bgggkeuze
ct:228,skos:Concept,228,colt:bgggkeuzes,,sterk kalkh. zand,,,,,,,,,,,,,cs:bgggkeuze,,,,,,,cs:bgggkeuze
ct:229,skos:Concept,229,colt:bgggkeuzes,,sterk kalkh. zandh. klei,,,,,,,,,,,,,cs:bgggkeuze,,,,,,,cs:bgggkeuze
ct:230,skos:Concept,230,colt:bgggkeuzes,,sterk kalkh. zandh. leem,,,,,,,,,,,,,cs:bgggkeuze,,,,,,,cs:bgggkeuze
ct:231,skos:Concept,231,colt:bgggkeuzes,,sterk kalkh. zandh. leem a klei,,,,,,,,,,,,,cs:bgggkeuze,,,,,,,cs:bgggkeuze
ct:232,skos:Concept,232,colt:bgggkeuzes,,sterk kalkh. zandh. leem of zandh. klei,,,,,,,,,,,,,cs:bgggkeuze,,,,,,,cs:bgggkeuze
ct:233,skos:Concept,233,colt:bgggkeuzes,,sterk kalkh. zandh. veen,,,,,,,,,,,,,cs:bgggkeuze,,,,,,,cs:bgggkeuze
ct:235,skos:Concept,235,colt:bgggkeuzes,,sterk leemh. fijnzand,,,,,,,,,,,,,cs:bgggkeuze,,,,,,,cs:bgggkeuze
ct:236,skos:Concept,236,colt:bgggkeuzes,,sterk leemh. slibh. fijnzand met slibmoten,,,,,,,,,,,,,cs:bgggkeuze,,,,,,,cs:bgggkeuze
ct:237,skos:Concept,237,colt:bgggkeuzes,,sterk schelpengruish. zandh. leem,,,,,,,,,,,,,cs:bgggkeuze,,,,,,,cs:bgggkeuze
ct:238,skos:Concept,238,colt:bgggkeuzes,,sterk schelph. fijnzand,,,,,,,,,,,,,cs:bgggkeuze,,,,,,,cs:bgggkeuze
ct:239,skos:Concept,239,colt:bgggkeuzes,,sterk schelph. kleih. zand,,,,,,,,,,,,,cs:bgggkeuze,,,,,,,cs:bgggkeuze
ct:241,skos:Concept,241,colt:bgggkeuzes,,sterk schelph. zand,,,,,,,,,,,,,cs:bgggkeuze,,,,,,,cs:bgggkeuze
ct:242,skos:Concept,242,colt:bgggkeuzes,,sterk schelph. zandh. klei,,,,,,,,,,,,,cs:bgggkeuze,,,,,,,cs:bgggkeuze
ct:245,skos:Concept,245,colt:bgggkeuzes,,veen,,,,,,,,,,,,,cs:bgggkeuze,,,,,,,cs:bgggkeuze
ct:203,skos:Concept,203,colt:bgggkeuzes,,sterk kalkh. of schelph. weinig humush. klei,,,,,,,,,,,,,cs:bgggkeuze,,,,,,,cs:bgggkeuze
ct:216,skos:Concept,216,colt:bgggkeuzes,,sterk kalkh. sterk humush. zandh. klei,,,,,,,,,,,,,cs:bgggkeuze,,,,,,,cs:bgggkeuze
ct:218,skos:Concept,218,colt:bgggkeuzes,,sterk kalkh. weinig humush. klei,,,,,,,,,,,,,cs:bgggkeuze,,,,,,,cs:bgggkeuze
ct:219,skos:Concept,219,colt:bgggkeuzes,,sterk kalkh. weinig humush. fijn grind en zand,,,,,,,,,,,,,cs:bgggkeuze,,,,,,,cs:bgggkeuze
ct:220,skos:Concept,220,colt:bgggkeuzes,,sterk kalkh. weinig humush. leem,,,,,,,,,,,,,cs:bgggkeuze,,,,,,,cs:bgggkeuze
ct:221,skos:Concept,221,colt:bgggkeuzes,,sterk kalkh. weinig humush. zandh. klei,,,,,,,,,,,,,cs:bgggkeuze,,,,,,,cs:bgggkeuze
ct:222,skos:Concept,222,colt:bgggkeuzes,,sterk kalkh. weinig humush. zandh. leem,,,,,,,,,,,,,cs:bgggkeuze,,,,,,,cs:bgggkeuze
ct:223,skos:Concept,223,colt:bgggkeuzes,,sterk kalkh. weinig kleih. fijnzand,,,,,,,,,,,,,cs:bgggkeuze,,,,,,,cs:bgggkeuze
ct:224,skos:Concept,224,colt:bgggkeuzes,,sterk kalkh. weinig leemh. of kleih. fijnzand,,,,,,,,,,,,,cs:bgggkeuze,,,,,,,cs:bgggkeuze
ct:225,skos:Concept,225,colt:bgggkeuzes,,sterk kalkh. weinig leemh. of kleih. zand,,,,,,,,,,,,,cs:bgggkeuze,,,,,,,cs:bgggkeuze
ct:226,skos:Concept,226,colt:bgggkeuzes,,sterk kalkh. weinig plastische zandh. leem of zandh. silt,,,,,,,,,,,,,cs:bgggkeuze,,,,,,,cs:bgggkeuze
ct:227,skos:Concept,227,colt:bgggkeuzes,,sterk kalkh. weinig zandh. klei,,,,,,,,,,,,,cs:bgggkeuze,,,,,,,cs:bgggkeuze
ct:234,skos:Concept,234,colt:bgggkeuzes,,sterk kleih. weinig zandh. leem,,,,,,,,,,,,,cs:bgggkeuze,,,,,,,cs:bgggkeuze
ct:240,skos:Concept,240,colt:bgggkeuzes,,sterk schelph. weinig humush. klei,,,,,,,,,,,,,cs:bgggkeuze,,,,,,,cs:bgggkeuze
ct:243,skos:Concept,243,colt:bgggkeuzes,,sterk zandh. sterk slibh. leem,,,,,,,,,,,,,cs:bgggkeuze,,,,,,,cs:bgggkeuze
ct:244,skos:Concept,244,colt:bgggkeuzes,,veel schelpengruish. weinig kleih. fijnzand,,,,,,,,,,,,,cs:bgggkeuze,,,,,,,cs:bgggkeuze
ct:246,skos:Concept,246,colt:bgggkeuzes,,weinig humush. fijnzand,,,,,,,,,,,,,cs:bgggkeuze,,,,,,,cs:bgggkeuze
ct:247,skos:Concept,247,colt:bgggkeuzes,,weinig humush. grindh. leemh. grofzand,,,,,,,,,,,,,cs:bgggkeuze,,,,,,,cs:bgggkeuze
ct:248,skos:Concept,248,colt:bgggkeuzes,,weinig humush. grofzand,,,,,,,,,,,,,cs:bgggkeuze,,,,,,,cs:bgggkeuze
ct:249,skos:Concept,249,colt:bgggkeuzes,,weinig humush. grofzand met grind,,,,,,,,,,,,,cs:bgggkeuze,,,,,,,cs:bgggkeuze
ct:250,skos:Concept,250,colt:bgggkeuzes,,weinig humush. kalkh. zandh. klei,,,,,,,,,,,,,cs:bgggkeuze,,,,,,,cs:bgggkeuze
ct:251,skos:Concept,251,colt:bgggkeuzes,,weinig humush. kalksteen of krijt,,,,,,,,,,,,,cs:bgggkeuze,,,,,,,cs:bgggkeuze
ct:252,skos:Concept,252,colt:bgggkeuzes,,weinig humush. klei,,,,,,,,,,,,,cs:bgggkeuze,,,,,,,cs:bgggkeuze
ct:253,skos:Concept,253,colt:bgggkeuzes,,weinig humush. kleih. fijnzand,,,,,,,,,,,,,cs:bgggkeuze,,,,,,,cs:bgggkeuze
ct:254,skos:Concept,254,colt:bgggkeuzes,,weinig humush. kleih. grofzand,,,,,,,,,,,,,cs:bgggkeuze,,,,,,,cs:bgggkeuze
ct:255,skos:Concept,255,colt:bgggkeuzes,,weinig humush. kleih. zand,,,,,,,,,,,,,cs:bgggkeuze,,,,,,,cs:bgggkeuze
ct:256,skos:Concept,256,colt:bgggkeuzes,,weinig humush. leem,,,,,,,,,,,,,cs:bgggkeuze,,,,,,,cs:bgggkeuze
ct:257,skos:Concept,257,colt:bgggkeuzes,,weinig humush. leemh. fijnzand,,,,,,,,,,,,,cs:bgggkeuze,,,,,,,cs:bgggkeuze
ct:258,skos:Concept,258,colt:bgggkeuzes,,weinig humush. leemh. zand,,,,,,,,,,,,,cs:bgggkeuze,,,,,,,cs:bgggkeuze
ct:307,skos:Concept,307,colt:bgggkeuzes,,weinig kalkh. weinig kleih. fijnzand,,,,,,,,,,,,,cs:bgggkeuze,,,,,,,cs:bgggkeuze
ct:333,skos:Concept,333,colt:bgggkeuzes,,weinig kalkh. weinig leemh. zand,,,,,,,,,,,,,cs:bgggkeuze,,,,,,,cs:bgggkeuze
ct:334,skos:Concept,334,colt:bgggkeuzes,,weinig kalkh. weinig plastisch leem of silt,,,,,,,,,,,,,cs:bgggkeuze,,,,,,,cs:bgggkeuze
ct:262,skos:Concept,262,colt:bgggkeuzes,,weinig humush. zand,,,,,,,,,,,,,cs:bgggkeuze,,,,,,,cs:bgggkeuze
ct:263,skos:Concept,263,colt:bgggkeuzes,,weinig humush. zandh. klei,,,,,,,,,,,,,cs:bgggkeuze,,,,,,,cs:bgggkeuze
ct:264,skos:Concept,264,colt:bgggkeuzes,,weinig humush. zandh. leem,,,,,,,,,,,,,cs:bgggkeuze,,,,,,,cs:bgggkeuze
ct:265,skos:Concept,265,colt:bgggkeuzes,,weinig kalkh. fijnzand,,,,,,,,,,,,,cs:bgggkeuze,,,,,,,cs:bgggkeuze
ct:335,skos:Concept,335,colt:bgggkeuzes,,weinig kalkh. weinig plastisch zandh. leem of zandh. silt,,,,,,,,,,,,,cs:bgggkeuze,,,,,,,cs:bgggkeuze
ct:267,skos:Concept,267,colt:bgggkeuzes,,weinig kalkh. grind en zandh. klei,,,,,,,,,,,,,cs:bgggkeuze,,,,,,,cs:bgggkeuze
ct:268,skos:Concept,268,colt:bgggkeuzes,,weinig kalkh. grindh. klei,,,,,,,,,,,,,cs:bgggkeuze,,,,,,,cs:bgggkeuze
ct:269,skos:Concept,269,colt:bgggkeuzes,,weinig kalkh. grindh. kleih. fijnzand,,,,,,,,,,,,,cs:bgggkeuze,,,,,,,cs:bgggkeuze
ct:270,skos:Concept,270,colt:bgggkeuzes,,weinig kalkh. grindh. leemh. fijnzand,,,,,,,,,,,,,cs:bgggkeuze,,,,,,,cs:bgggkeuze
ct:271,skos:Concept,271,colt:bgggkeuzes,,weinig kalkh. grindh. leemh. zand,,,,,,,,,,,,,cs:bgggkeuze,,,,,,,cs:bgggkeuze
ct:346,skos:Concept,346,colt:bgggkeuzes,,weinig kleih. weinig humush. fijnzand,,,,,,,,,,,,,cs:bgggkeuze,,,,,,,cs:bgggkeuze
ct:349,skos:Concept,349,colt:bgggkeuzes,,weinig kleih. weinig kalkh. fijnzand,,,,,,,,,,,,,cs:bgggkeuze,,,,,,,cs:bgggkeuze
ct:355,skos:Concept,355,colt:bgggkeuzes,,weinig leemh. grofzand en weinig grind,,,,,,,,,,,,,cs:bgggkeuze,,,,,,,cs:bgggkeuze
ct:277,skos:Concept,277,colt:bgggkeuzes,,weinig kalkh. grindh. zand,,,,,,,,,,,,,cs:bgggkeuze,,,,,,,cs:bgggkeuze
ct:278,skos:Concept,278,colt:bgggkeuzes,,weinig kalkh. grindh. zandh. klei,,,,,,,,,,,,,cs:bgggkeuze,,,,,,,cs:bgggkeuze
ct:279,skos:Concept,279,colt:bgggkeuzes,,weinig kalkh. grindh. zandh. leem,,,,,,,,,,,,,cs:bgggkeuze,,,,,,,cs:bgggkeuze
ct:280,skos:Concept,280,colt:bgggkeuzes,,weinig kalkh. grof grind of stenen en zandh. leem,,,,,,,,,,,,,cs:bgggkeuze,,,,,,,cs:bgggkeuze
ct:281,skos:Concept,281,colt:bgggkeuzes,,weinig kalkh. grofzand,,,,,,,,,,,,,cs:bgggkeuze,,,,,,,cs:bgggkeuze
ct:282,skos:Concept,282,colt:bgggkeuzes,,weinig kalkh. grofzand met grind,,,,,,,,,,,,,cs:bgggkeuze,,,,,,,cs:bgggkeuze
ct:283,skos:Concept,283,colt:bgggkeuzes,,weinig kalkh. humush. fijnzand,,,,,,,,,,,,,cs:bgggkeuze,,,,,,,cs:bgggkeuze
ct:284,skos:Concept,284,colt:bgggkeuzes,,weinig kalkh. humush. klei,,,,,,,,,,,,,cs:bgggkeuze,,,,,,,cs:bgggkeuze
ct:285,skos:Concept,285,colt:bgggkeuzes,,weinig kalkh. humush. leemh. fijnzand,,,,,,,,,,,,,cs:bgggkeuze,,,,,,,cs:bgggkeuze
ct:286,skos:Concept,286,colt:bgggkeuzes,,weinig kalkh. humush. leemh. zand,,,,,,,,,,,,,cs:bgggkeuze,,,,,,,cs:bgggkeuze
ct:347,skos:Concept,347,colt:bgggkeuzes,,weinig kleih. weinig humush. weinig kalkh. fijnzand,,,,,,,,,,,,,cs:bgggkeuze,,,,,,,cs:bgggkeuze
ct:348,skos:Concept,348,colt:bgggkeuzes,,weinig kleih. weinig humush. weinig kalkh. zand,,,,,,,,,,,,,cs:bgggkeuze,,,,,,,cs:bgggkeuze
ct:289,skos:Concept,289,colt:bgggkeuzes,,weinig kalkh. humush. zand,,,,,,,,,,,,,cs:bgggkeuze,,,,,,,cs:bgggkeuze
ct:290,skos:Concept,290,colt:bgggkeuzes,,weinig kalkh. humush. zandh. klei,,,,,,,,,,,,,cs:bgggkeuze,,,,,,,cs:bgggkeuze
ct:291,skos:Concept,291,colt:bgggkeuzes,,weinig kalkh. humush. zandh. leem,,,,,,,,,,,,,cs:bgggkeuze,,,,,,,cs:bgggkeuze
ct:292,skos:Concept,292,colt:bgggkeuzes,,weinig kalkh. klei,,,,,,,,,,,,,cs:bgggkeuze,,,,,,,cs:bgggkeuze
ct:293,skos:Concept,293,colt:bgggkeuzes,,weinig kalkh. kleih. fijnzand,,,,,,,,,,,,,cs:bgggkeuze,,,,,,,cs:bgggkeuze
ct:294,skos:Concept,294,colt:bgggkeuzes,,weinig kalkh. kleih. fijnzand met grind,,,,,,,,,,,,,cs:bgggkeuze,,,,,,,cs:bgggkeuze
ct:295,skos:Concept,295,colt:bgggkeuzes,,weinig kalkh. kleih. fijnzand of zandh. klei,,,,,,,,,,,,,cs:bgggkeuze,,,,,,,cs:bgggkeuze
ct:296,skos:Concept,296,colt:bgggkeuzes,,weinig kalkh. kleih. grofzand,,,,,,,,,,,,,cs:bgggkeuze,,,,,,,cs:bgggkeuze
ct:297,skos:Concept,297,colt:bgggkeuzes,,weinig kalkh. kleih. zand,,,,,,,,,,,,,cs:bgggkeuze,,,,,,,cs:bgggkeuze
ct:298,skos:Concept,298,colt:bgggkeuzes,,weinig kalkh. leem,,,,,,,,,,,,,cs:bgggkeuze,,,,,,,cs:bgggkeuze
ct:299,skos:Concept,299,colt:bgggkeuzes,,weinig kalkh. leemh. fijnzand,,,,,,,,,,,,,cs:bgggkeuze,,,,,,,cs:bgggkeuze
ct:300,skos:Concept,300,colt:bgggkeuzes,,weinig kalkh. leemh. grofzand,,,,,,,,,,,,,cs:bgggkeuze,,,,,,,cs:bgggkeuze
ct:301,skos:Concept,301,colt:bgggkeuzes,,weinig kalkh. leemh. zand,,,,,,,,,,,,,cs:bgggkeuze,,,,,,,cs:bgggkeuze
ct:306,skos:Concept,306,colt:bgggkeuzes,,weinig kalkh. veen,,,,,,,,,,,,,cs:bgggkeuze,,,,,,,cs:bgggkeuze
ct:337,skos:Concept,337,colt:bgggkeuzes,,weinig kalkh. zand,,,,,,,,,,,,,cs:bgggkeuze,,,,,,,cs:bgggkeuze
ct:338,skos:Concept,338,colt:bgggkeuzes,,weinig kalkh. zand met grind,,,,,,,,,,,,,cs:bgggkeuze,,,,,,,cs:bgggkeuze
ct:339,skos:Concept,339,colt:bgggkeuzes,,weinig kalkh. zandh. klei,,,,,,,,,,,,,cs:bgggkeuze,,,,,,,cs:bgggkeuze
ct:340,skos:Concept,340,colt:bgggkeuzes,,weinig kalkh. zandh. klei met grind,,,,,,,,,,,,,cs:bgggkeuze,,,,,,,cs:bgggkeuze
ct:341,skos:Concept,341,colt:bgggkeuzes,,weinig kalkh. zandh. leem,,,,,,,,,,,,,cs:bgggkeuze,,,,,,,cs:bgggkeuze
ct:342,skos:Concept,342,colt:bgggkeuzes,,weinig kleih. fijnzand,,,,,,,,,,,,,cs:bgggkeuze,,,,,,,cs:bgggkeuze
ct:343,skos:Concept,343,colt:bgggkeuzes,,weinig kleih. fijnzand met grind,,,,,,,,,,,,,cs:bgggkeuze,,,,,,,cs:bgggkeuze
ct:344,skos:Concept,344,colt:bgggkeuzes,,weinig kleih. grofzand,,,,,,,,,,,,,cs:bgggkeuze,,,,,,,cs:bgggkeuze
ct:345,skos:Concept,345,colt:bgggkeuzes,,weinig kleih. humush. fijnzand,,,,,,,,,,,,,cs:bgggkeuze,,,,,,,cs:bgggkeuze
ct:350,skos:Concept,350,colt:bgggkeuzes,,weinig kleih. zand,,,,,,,,,,,,,cs:bgggkeuze,,,,,,,cs:bgggkeuze
ct:351,skos:Concept,351,colt:bgggkeuzes,,weinig kleih. zand met grind,,,,,,,,,,,,,cs:bgggkeuze,,,,,,,cs:bgggkeuze
ct:352,skos:Concept,352,colt:bgggkeuzes,,weinig leemh. fijnzand,,,,,,,,,,,,,cs:bgggkeuze,,,,,,,cs:bgggkeuze
ct:353,skos:Concept,353,colt:bgggkeuzes,,weinig leemh. grofzand,,,,,,,,,,,,,cs:bgggkeuze,,,,,,,cs:bgggkeuze
ct:354,skos:Concept,354,colt:bgggkeuzes,,weinig leemh. grofzand en grind,,,,,,,,,,,,,cs:bgggkeuze,,,,,,,cs:bgggkeuze
ct:259,skos:Concept,259,colt:bgggkeuzes,,weinig humush. weinig kalkh. zandh. klei,,,,,,,,,,,,,cs:bgggkeuze,,,,,,,cs:bgggkeuze
ct:260,skos:Concept,260,colt:bgggkeuzes,,weinig humush. weinig kleih. zand,,,,,,,,,,,,,cs:bgggkeuze,,,,,,,cs:bgggkeuze
ct:373,skos:Concept,373,colt:bgggkeuzes,,zandh. klei met schelpgruis,,,,,,,,,,,,,cs:bgggkeuze,,,,,,,cs:bgggkeuze
ct:357,skos:Concept,357,colt:bgggkeuzes,,weinig leemh. slibh. fijnzand,,,,,,,,,,,,,cs:bgggkeuze,,,,,,,cs:bgggkeuze
ct:358,skos:Concept,358,colt:bgggkeuzes,,weinig leemh. slibh. fijnzand met slibmoten,,,,,,,,,,,,,cs:bgggkeuze,,,,,,,cs:bgggkeuze
ct:361,skos:Concept,361,colt:bgggkeuzes,,weinig leemh. zand,,,,,,,,,,,,,cs:bgggkeuze,,,,,,,cs:bgggkeuze
ct:362,skos:Concept,362,colt:bgggkeuzes,,weinig leemh. zand met grind,,,,,,,,,,,,,cs:bgggkeuze,,,,,,,cs:bgggkeuze
ct:363,skos:Concept,363,colt:bgggkeuzes,,weinig plastisch zandh. leem of zandh. silt,,,,,,,,,,,,,cs:bgggkeuze,,,,,,,cs:bgggkeuze
ct:364,skos:Concept,364,colt:bgggkeuzes,,weinig plastische leem of silt,,,,,,,,,,,,,cs:bgggkeuze,,,,,,,cs:bgggkeuze
ct:365,skos:Concept,365,colt:bgggkeuzes,,weinig zandh. leem,,,,,,,,,,,,,cs:bgggkeuze,,,,,,,cs:bgggkeuze
ct:366,skos:Concept,366,colt:bgggkeuzes,,zand,,,,,,,,,,,,,cs:bgggkeuze,,,,,,,cs:bgggkeuze
ct:370,skos:Concept,370,colt:bgggkeuzes,,zandh. grindh. en schelpengruish. klei,,,,,,,,,,,,,cs:bgggkeuze,,,,,,,cs:bgggkeuze
ct:371,skos:Concept,371,colt:bgggkeuzes,,zandh. kalksteen of zandh. krijt,,,,,,,,,,,,,cs:bgggkeuze,,,,,,,cs:bgggkeuze
ct:372,skos:Concept,372,colt:bgggkeuzes,,zandh. klei,,,,,,,,,,,,,cs:bgggkeuze,,,,,,,cs:bgggkeuze
ct:374,skos:Concept,374,colt:bgggkeuzes,,zandh. leem,,,,,,,,,,,,,cs:bgggkeuze,,,,,,,cs:bgggkeuze
ct:375,skos:Concept,375,colt:bgggkeuzes,,zandh. leem of klei,,,,,,,,,,,,,cs:bgggkeuze,,,,,,,cs:bgggkeuze
ct:376,skos:Concept,376,colt:bgggkeuzes,,zandh. veen,,,,,,,,,,,,,cs:bgggkeuze,,,,,,,cs:bgggkeuze
ct:356,skos:Concept,356,colt:bgggkeuzes,,weinig leemh. of weinig kleih. fijnzand met steentjes,,,,,,,,,,,,,cs:bgggkeuze,,,,,,,cs:bgggkeuze
ct:359,skos:Concept,359,colt:bgggkeuzes,,weinig leemh. sterk slibh. fijnzand,,,,,,,,,,,,,cs:bgggkeuze,,,,,,,cs:bgggkeuze
ct:360,skos:Concept,360,colt:bgggkeuzes,,weinig leemh. weinig slibh. fijnzand,,,,,,,,,,,,,cs:bgggkeuze,,,,,,,cs:bgggkeuze
ct:384,skos:Concept,384,colt:bgggkeuzes,,weinig kalkh. zandh. klei à zandh. leem,,,,,,,,,,,,,cs:bgggkeuze,,,,,,,cs:bgggkeuze
ct:386,skos:Concept,386,colt:bgggkeuzes,,weinig kalkh. zandh. leem à zandh. klei,,,,,,,,,,,,,cs:bgggkeuze,,,,,,,cs:bgggkeuze
ct:391,skos:Concept,391,colt:bgggkeuzes,,zandh. klei à zandh. leem,,,,,,,,,,,,,cs:bgggkeuze,,,,,,,cs:bgggkeuze
ct:392,skos:Concept,392,colt:bgggkeuzes,,zandh. leem à zandh. klei,,,,,,,,,,,,,cs:bgggkeuze,,,,,,,cs:bgggkeuze
ct:393,skos:Concept,393,colt:bgggkeuzes,,grind en leemh. zand à zandh. leem,,,,,,,,,,,,,cs:bgggkeuze,,,,,,,cs:bgggkeuze
ct:394,skos:Concept,394,colt:bgggkeuzes,,grindh. leemh. fijnzand à zandh. leem,,,,,,,,,,,,,cs:bgggkeuze,,,,,,,cs:bgggkeuze
ct:395,skos:Concept,395,colt:bgggkeuzes,,grindh. leemh. zand à zandh. leem,,,,,,,,,,,,,cs:bgggkeuze,,,,,,,cs:bgggkeuze
ct:396,skos:Concept,396,colt:bgggkeuzes,,grindh. leemh. à kleih. fijnzand,,,,,,,,,,,,,cs:bgggkeuze,,,,,,,cs:bgggkeuze
ct:397,skos:Concept,397,colt:bgggkeuzes,,grindh. zandh. klei à zandh. leem,,,,,,,,,,,,,cs:bgggkeuze,,,,,,,cs:bgggkeuze
ct:398,skos:Concept,398,colt:bgggkeuzes,,grindh. zandh. leem à zandh. klei,,,,,,,,,,,,,cs:bgggkeuze,,,,,,,cs:bgggkeuze
ct:399,skos:Concept,399,colt:bgggkeuzes,,humush. kleih. fijnzand à zandh. leem,,,,,,,,,,,,,cs:bgggkeuze,,,,,,,cs:bgggkeuze
ct:400,skos:Concept,400,colt:bgggkeuzes,,humush. zandh. leem à zandh. klei,,,,,,,,,,,,,cs:bgggkeuze,,,,,,,cs:bgggkeuze
ct:401,skos:Concept,401,colt:bgggkeuzes,,kalkh. grindh. leemh. zand à zandh. leem,,,,,,,,,,,,,cs:bgggkeuze,,,,,,,cs:bgggkeuze
ct:402,skos:Concept,402,colt:bgggkeuzes,,kalkh. humush. leemh. fijnzand à zandh. leem,,,,,,,,,,,,,cs:bgggkeuze,,,,,,,cs:bgggkeuze
ct:403,skos:Concept,403,colt:bgggkeuzes,,kalkh. humush. zandh. leem à klei,,,,,,,,,,,,,cs:bgggkeuze,,,,,,,cs:bgggkeuze
ct:404,skos:Concept,404,colt:bgggkeuzes,,kalkh. kleih. fijnzand à zandh. klei,,,,,,,,,,,,,cs:bgggkeuze,,,,,,,cs:bgggkeuze
ct:405,skos:Concept,405,colt:bgggkeuzes,,kalkh. kleih. fijnzand à zandh. leem,,,,,,,,,,,,,cs:bgggkeuze,,,,,,,cs:bgggkeuze
ct:406,skos:Concept,406,colt:bgggkeuzes,,kalkh. leemh. fijnzand à zandh. leem,,,,,,,,,,,,,cs:bgggkeuze,,,,,,,cs:bgggkeuze
ct:407,skos:Concept,407,colt:bgggkeuzes,,kalkh. leemh. zand à zandh. leem,,,,,,,,,,,,,cs:bgggkeuze,,,,,,,cs:bgggkeuze
ct:377,skos:Concept,377,colt:bgggkeuzes,,zandh. weinig plastisch leem of silt,,,,,,,,,,,,,cs:bgggkeuze,,,,,,,cs:bgggkeuze
ct:382,skos:Concept,382,colt:bgggkeuzes,,weinig kalkh. weinig leemh. zand à weinig plastisch zandh. leem of zandh. silt,,,,,,,,,,,,,cs:bgggkeuze,,,,,,,cs:bgggkeuze
ct:385,skos:Concept,385,colt:bgggkeuzes,,weinig kalkh. zandh. leem à weinig kalkh. leemh. fijnzand,,,,,,,,,,,,,cs:bgggkeuze,,,,,,,cs:bgggkeuze
ct:389,skos:Concept,389,colt:bgggkeuzes,,weinig leemh. fijnzand à weinig plastisch zandh. leem of zandh. silt,,,,,,,,,,,,,cs:bgggkeuze,,,,,,,cs:bgggkeuze
ct:383,skos:Concept,383,colt:bgggkeuzes,,weinig kalkh. weinig plastisch zandh. leem of silt à weinig kalkh. weinig leemh. zand,,,,,,,,,,,,,cs:bgggkeuze,,,,,,,cs:bgggkeuze
ct:418,skos:Concept,418,colt:bgggkeuzes,,kalkh. zandh. leem à zandh. klei,,,,,,,,,,,,,cs:bgggkeuze,,,,,,,cs:bgggkeuze
ct:420,skos:Concept,420,colt:bgggkeuzes,,kleih. fijnzand à zandh. leem,,,,,,,,,,,,,cs:bgggkeuze,,,,,,,cs:bgggkeuze
ct:421,skos:Concept,421,colt:bgggkeuzes,,kleih. zand à zandh. leem,,,,,,,,,,,,,cs:bgggkeuze,,,,,,,cs:bgggkeuze
ct:423,skos:Concept,423,colt:bgggkeuzes,,leemh. fijnzand à zandh. leem,,,,,,,,,,,,,cs:bgggkeuze,,,,,,,cs:bgggkeuze
ct:424,skos:Concept,424,colt:bgggkeuzes,,leemh. zand à zandh. leem,,,,,,,,,,,,,cs:bgggkeuze,,,,,,,cs:bgggkeuze
ct:427,skos:Concept,427,colt:bgggkeuzes,,sterk kalkh. zandh. leem à zandh. klei,,,,,,,,,,,,,cs:bgggkeuze,,,,,,,cs:bgggkeuze
ct:428,skos:Concept,428,colt:bgggkeuzes,,weinig humush. zandh. leem à zandh. klei,,,,,,,,,,,,,cs:bgggkeuze,,,,,,,cs:bgggkeuze
ct:429,skos:Concept,429,colt:bgggkeuzes,,weinig kalkh. grindh. leemh. zand à zandh. leem,,,,,,,,,,,,,cs:bgggkeuze,,,,,,,cs:bgggkeuze
ct:430,skos:Concept,430,colt:bgggkeuzes,,weinig kalkh. grindh. zandh. leem à zandh. klei,,,,,,,,,,,,,cs:bgggkeuze,,,,,,,cs:bgggkeuze
ct:431,skos:Concept,431,colt:bgggkeuzes,,weinig kalkh. kleih. fijnzand à zandh. leem,,,,,,,,,,,,,cs:bgggkeuze,,,,,,,cs:bgggkeuze
ct:432,skos:Concept,432,colt:bgggkeuzes,,weinig kalkh. leemh. fijnzand à zandh. leem,,,,,,,,,,,,,cs:bgggkeuze,,,,,,,cs:bgggkeuze
ct:433,skos:Concept,433,colt:bgggkeuzes,,weinig kalkh. leemh. fijnzand à zandh. silt,,,,,,,,,,,,,cs:bgggkeuze,,,,,,,cs:bgggkeuze
ct:434,skos:Concept,434,colt:bgggkeuzes,,weinig kalkh. leemh. zand à zandh. leem,,,,,,,,,,,,,cs:bgggkeuze,,,,,,,cs:bgggkeuze
ct:419,skos:Concept,419,colt:bgggkeuzes,,kalkh. à weinig schelpenh. zand,,,,,,,,,,,,,cs:bgggkeuze,,,,,,,cs:bgggkeuze
ct:422,skos:Concept,422,colt:bgggkeuzes,,leemh. fijnzand à weinig kalkh. zandh. leem,,,,,,,,,,,,,cs:bgggkeuze,,,,,,,cs:bgggkeuze
ct:425,skos:Concept,425,colt:bgggkeuzes,,schelph. weinig humush. leemh. zand à zandh. leem,,,,,,,,,,,,,cs:bgggkeuze,,,,,,,cs:bgggkeuze
ct:426,skos:Concept,426,colt:bgggkeuzes,,sterk humush. sterk kalkh. weinig zandh. leem à klei,,,,,,,,,,,,,cs:bgggkeuze,,,,,,,cs:bgggkeuze
ct:378,skos:Concept,378,colt:bgggkeuzes,,weinig kalkh. sterk humush. zandh. leem à zandh. klei,,,,,,,,,,,,,cs:bgggkeuze,,,,,,,cs:bgggkeuze
ct:379,skos:Concept,379,colt:bgggkeuzes,,weinig kalkh. weinig humush. zandh. leem à zandh. klei,,,,,,,,,,,,,cs:bgggkeuze,,,,,,,cs:bgggkeuze
ct:380,skos:Concept,380,colt:bgggkeuzes,,weinig kalkh. weinig kleih. fijnzand à weinig plastische zandh. leem,,,,,,,,,,,,,cs:bgggkeuze,,,,,,,cs:bgggkeuze
ct:381,skos:Concept,381,colt:bgggkeuzes,,weinig kalkh. weinig leemh. fijnzand à weinig plastisch zandh. leem of zandh. silt,,,,,,,,,,,,,cs:bgggkeuze,,,,,,,cs:bgggkeuze
ct:618,skos:Concept,618,colt:bgggkeuzes,,middelgrof zand,,,,,,,,,,,,,cs:bgggkeuze,,,,,,,cs:bgggkeuze
ct:619,skos:Concept,619,colt:bgggkeuzes,,kleihoudend (fijn) zand,,,,,,,,,,,,,cs:bgggkeuze,,,,,,,cs:bgggkeuze
ct:620,skos:Concept,620,colt:bgggkeuzes,,grindh.,,,,,,,,,,,,,cs:bgggkeuze,,,,,,,cs:bgggkeuze
ct:621,skos:Concept,621,colt:bgggkeuzes,,fijn zand,,,,,,,,,,,,,cs:bgggkeuze,,,,,,,cs:bgggkeuze
ct:387,skos:Concept,387,colt:bgggkeuzes,,weinig kleih à weinig leemh fijnzand,,,,,,,,,,,,,cs:bgggkeuze,,,,,,,cs:bgggkeuze
ct:132,skos:Concept,132,colt:bgggkeuzes,,kalktuf en schelpfragmenten weinig zandh.,,,,,,,,,,,,,cs:bgggkeuze,,,,,,,cs:bgggkeuze
ct:624,skos:Concept,624,colt:bgggkeuzes,,krijt,,,,,,,,,,,,,cs:bgggkeuze,,,,,,,cs:bgggkeuze
ct:625,skos:Concept,625,colt:bgggkeuzes,,sterk kalkh. steengruis,,,,,,,,,,,,,cs:bgggkeuze,,,,,,,cs:bgggkeuze
ct:12,skos:Concept,12,colt:bgggkeuzes,,grind en weinig kleih. grofzand,,,,,,,,,,,,,cs:bgggkeuze,,,,,,,cs:bgggkeuze
ct:13,skos:Concept,13,colt:bgggkeuzes,,grind en weinig leemh. grofzand,,,,,,,,,,,,,cs:bgggkeuze,,,,,,,cs:bgggkeuze
ct:29,skos:Concept,29,colt:bgggkeuzes,,grindh. weinig kleih. zand,,,,,,,,,,,,,cs:bgggkeuze,,,,,,,cs:bgggkeuze
ct:30,skos:Concept,30,colt:bgggkeuzes,,grindh. weinig leemh. grofzand,,,,,,,,,,,,,cs:bgggkeuze,,,,,,,cs:bgggkeuze
ct:31,skos:Concept,31,colt:bgggkeuzes,,grindh. weinig leemh. zand,,,,,,,,,,,,,cs:bgggkeuze,,,,,,,cs:bgggkeuze
ct:49,skos:Concept,49,colt:bgggkeuzes,,humush. sterk kalkh. zandh. klei,,,,,,,,,,,,,cs:bgggkeuze,,,,,,,cs:bgggkeuze
ct:50,skos:Concept,50,colt:bgggkeuzes,,humush. weinig kalkh. klei,,,,,,,,,,,,,cs:bgggkeuze,,,,,,,cs:bgggkeuze
ct:57,skos:Concept,57,colt:bgggkeuzes,,kalkh. grind en weinig leemh. zand,,,,,,,,,,,,,cs:bgggkeuze,,,,,,,cs:bgggkeuze
ct:66,skos:Concept,66,colt:bgggkeuzes,,kalkh. grindh. weinig leemh. fijnzand,,,,,,,,,,,,,cs:bgggkeuze,,,,,,,cs:bgggkeuze
ct:623,skos:Concept,623,colt:bgggkeuzes,,kalkh. grindh. weinig leemh. zand,,,,,,,,,,,,,cs:bgggkeuze,,,,,,,cs:bgggkeuze
ct:627,skos:Concept,627,colt:bgggkeuzes,,kalkh. grindh. weinig kleih. fijnzand,,,,,,,,,,,,,cs:bgggkeuze,,,,,,,cs:bgggkeuze
ct:79,skos:Concept,79,colt:bgggkeuzes,,kalkh. humush. weinig leemh. fijnzand,,,,,,,,,,,,,cs:bgggkeuze,,,,,,,cs:bgggkeuze
ct:137,skos:Concept,137,colt:bgggkeuzes,,kleih. weinig kalkh. zand,,,,,,,,,,,,,cs:bgggkeuze,,,,,,,cs:bgggkeuze
ct:145,skos:Concept,145,colt:bgggkeuzes,,leemh. sterk slibh. fijnzand,,,,,,,,,,,,,cs:bgggkeuze,,,,,,,cs:bgggkeuze
ct:77,skos:Concept,77,colt:bgggkeuzes,,kalkh. humush. weinig kleih. fijnzand,,,,,,,,,,,,,cs:bgggkeuze,,,,,,,cs:bgggkeuze
ct:78,skos:Concept,78,colt:bgggkeuzes,,kalkh. humush. weinig kleih. zand,,,,,,,,,,,,,cs:bgggkeuze,,,,,,,cs:bgggkeuze
ct:104,skos:Concept,104,colt:bgggkeuzes,,kalkh. weinig humush. kleih. grofzand,,,,,,,,,,,,,cs:bgggkeuze,,,,,,,cs:bgggkeuze
ct:105,skos:Concept,105,colt:bgggkeuzes,,kalkh. weinig humush. kleih. zand,,,,,,,,,,,,,cs:bgggkeuze,,,,,,,cs:bgggkeuze
ct:107,skos:Concept,107,colt:bgggkeuzes,,kalkh. weinig humush. leemh. fijnzand,,,,,,,,,,,,,cs:bgggkeuze,,,,,,,cs:bgggkeuze
ct:108,skos:Concept,108,colt:bgggkeuzes,,kalkh. weinig humush. leemh. zand,,,,,,,,,,,,,cs:bgggkeuze,,,,,,,cs:bgggkeuze
ct:109,skos:Concept,109,colt:bgggkeuzes,,kalkh. weinig humush. weinig kleih. fijnzand,,,,,,,,,,,,,cs:bgggkeuze,,,,,,,cs:bgggkeuze
ct:110,skos:Concept,110,colt:bgggkeuzes,,kalkh. weinig humush. weinig kleih. zand,,,,,,,,,,,,,cs:bgggkeuze,,,,,,,cs:bgggkeuze
ct:111,skos:Concept,111,colt:bgggkeuzes,,kalkh. weinig humush. weinig leemh. fijnzand,,,,,,,,,,,,,cs:bgggkeuze,,,,,,,cs:bgggkeuze
ct:112,skos:Concept,112,colt:bgggkeuzes,,kalkh. weinig humush. zand,,,,,,,,,,,,,cs:bgggkeuze,,,,,,,cs:bgggkeuze
ct:113,skos:Concept,113,colt:bgggkeuzes,,kalkh. weinig humush. zandh. klei,,,,,,,,,,,,,cs:bgggkeuze,,,,,,,cs:bgggkeuze
ct:114,skos:Concept,114,colt:bgggkeuzes,,kalkh. weinig humush. zandh. leem,,,,,,,,,,,,,cs:bgggkeuze,,,,,,,cs:bgggkeuze
ct:115,skos:Concept,115,colt:bgggkeuzes,,kalkh. weinig kleih. fijnzand,,,,,,,,,,,,,cs:bgggkeuze,,,,,,,cs:bgggkeuze
ct:116,skos:Concept,116,colt:bgggkeuzes,,kalkh. weinig kleih. grofzand,,,,,,,,,,,,,cs:bgggkeuze,,,,,,,cs:bgggkeuze
ct:117,skos:Concept,117,colt:bgggkeuzes,,kalkh. weinig kleih. zand,,,,,,,,,,,,,cs:bgggkeuze,,,,,,,cs:bgggkeuze
ct:119,skos:Concept,119,colt:bgggkeuzes,,kalkh. weinig leemh. grofzand,,,,,,,,,,,,,cs:bgggkeuze,,,,,,,cs:bgggkeuze
ct:120,skos:Concept,120,colt:bgggkeuzes,,kalkh. weinig leemh. grofzand met grind,,,,,,,,,,,,,cs:bgggkeuze,,,,,,,cs:bgggkeuze
ct:121,skos:Concept,121,colt:bgggkeuzes,,kalkh. weinig leemh. of kleih. fijnzand,,,,,,,,,,,,,cs:bgggkeuze,,,,,,,cs:bgggkeuze
ct:122,skos:Concept,122,colt:bgggkeuzes,,kalkh. weinig leemh. zand,,,,,,,,,,,,,cs:bgggkeuze,,,,,,,cs:bgggkeuze
ct:123,skos:Concept,123,colt:bgggkeuzes,,kalkh. weinig plastisch leem of silt,,,,,,,,,,,,,cs:bgggkeuze,,,,,,,cs:bgggkeuze
ct:124,skos:Concept,124,colt:bgggkeuzes,,kalkh. weinig plastisch zandh. leem of zandh. silt,,,,,,,,,,,,,cs:bgggkeuze,,,,,,,cs:bgggkeuze
ct:408,skos:Concept,408,colt:bgggkeuzes,,kalkh. weinig humush. grindh. zandh. leem à zandh. klei,,,,,,,,,,,,,cs:bgggkeuze,,,,,,,cs:bgggkeuze
ct:409,skos:Concept,409,colt:bgggkeuzes,,kalkh. weinig humush. kleih. fijnzand à zandh. leem,,,,,,,,,,,,,cs:bgggkeuze,,,,,,,cs:bgggkeuze
ct:410,skos:Concept,410,colt:bgggkeuzes,,kalkh. weinig humush. kleih. zand à zandh. klei,,,,,,,,,,,,,cs:bgggkeuze,,,,,,,cs:bgggkeuze
ct:411,skos:Concept,411,colt:bgggkeuzes,,kalkh. weinig humush. leemh. fijnzand à zandh. leem,,,,,,,,,,,,,cs:bgggkeuze,,,,,,,cs:bgggkeuze
ct:412,skos:Concept,412,colt:bgggkeuzes,,kalkh. weinig humush. zandh. klei à leem,,,,,,,,,,,,,cs:bgggkeuze,,,,,,,cs:bgggkeuze
ct:413,skos:Concept,413,colt:bgggkeuzes,,kalkh. weinig humush. zandh. leem à klei,,,,,,,,,,,,,cs:bgggkeuze,,,,,,,cs:bgggkeuze
ct:414,skos:Concept,414,colt:bgggkeuzes,,kalkh. weinig humush. zandh. leem à leemh. fijnzand,,,,,,,,,,,,,cs:bgggkeuze,,,,,,,cs:bgggkeuze
ct:415,skos:Concept,415,colt:bgggkeuzes,,kalkh. weinig humush. zandh. leem à zandh. klei,,,,,,,,,,,,,cs:bgggkeuze,,,,,,,cs:bgggkeuze
ct:416,skos:Concept,416,colt:bgggkeuzes,,kalkh. weinig kleih. fijnzand à weinig plastisch zandh. leem of zandh. silt,,,,,,,,,,,,,cs:bgggkeuze,,,,,,,cs:bgggkeuze
ct:417,skos:Concept,417,colt:bgggkeuzes,,kalkh. weinig zandh. plastisch leem of silt à kalkh. weinig leemh. fijnzand,,,,,,,,,,,,,cs:bgggkeuze,,,,,,,cs:bgggkeuze
ct:1018,skos:Concept,1018,colt:bgggkeuzes,,sterk kalkh. weinig leemh. fijnzand,,,,,,,,,,,,,cs:bgggkeuze,,,,,,,cs:bgggkeuze
ct:1019,skos:Concept,1019,colt:bgggkeuzes,,weinig kalkh. sterk humush. weinig leemh. grofzand,,,,,,,,,,,,,cs:bgggkeuze,,,,,,,cs:bgggkeuze
ct:146,skos:Concept,146,colt:bgggkeuzes,,leemh. weinig slibh. fijnzand,,,,,,,,,,,,,cs:bgggkeuze,,,,,,,cs:bgggkeuze
ct:160,skos:Concept,160,colt:bgggkeuzes,,schelph. weinig humush. kleih. fijnzand,,,,,,,,,,,,,cs:bgggkeuze,,,,,,,cs:bgggkeuze
ct:162,skos:Concept,162,colt:bgggkeuzes,,schelph. weinig humush. zandh. klei,,,,,,,,,,,,,cs:bgggkeuze,,,,,,,cs:bgggkeuze
ct:163,skos:Concept,163,colt:bgggkeuzes,,schelph. weinig kleih. fijnzand,,,,,,,,,,,,,cs:bgggkeuze,,,,,,,cs:bgggkeuze
ct:164,skos:Concept,164,colt:bgggkeuzes,,schelph. weinig kleih. grofzand,,,,,,,,,,,,,cs:bgggkeuze,,,,,,,cs:bgggkeuze
ct:165,skos:Concept,165,colt:bgggkeuzes,,schelph. weinig leemh. zand,,,,,,,,,,,,,cs:bgggkeuze,,,,,,,cs:bgggkeuze
ct:174,skos:Concept,174,colt:bgggkeuzes,,sterk humush. sterk kalkh. klei of leem,,,,,,,,,,,,,cs:bgggkeuze,,,,,,,cs:bgggkeuze
ct:175,skos:Concept,175,colt:bgggkeuzes,,sterk humush. sterk kalkh. zandh. klei of leem,,,,,,,,,,,,,cs:bgggkeuze,,,,,,,cs:bgggkeuze
ct:176,skos:Concept,176,colt:bgggkeuzes,,sterk humush. weinig plastisch leem of silt,,,,,,,,,,,,,cs:bgggkeuze,,,,,,,cs:bgggkeuze
ct:181,skos:Concept,181,colt:bgggkeuzes,,sterk kalkh. grind en weinig leemh. zand,,,,,,,,,,,,,cs:bgggkeuze,,,,,,,cs:bgggkeuze
ct:182,skos:Concept,182,colt:bgggkeuzes,,sterk kalkh. grindh. weinig leemh. zand,,,,,,,,,,,,,cs:bgggkeuze,,,,,,,cs:bgggkeuze
ct:192,skos:Concept,192,colt:bgggkeuzes,,sterk kalkh. of schelph. grindh. weinig kleih. zand,,,,,,,,,,,,,cs:bgggkeuze,,,,,,,cs:bgggkeuze
ct:195,skos:Concept,195,colt:bgggkeuzes,,sterk kalkh. of schelph. humush. weinig leemh. grofzand,,,,,,,,,,,,,cs:bgggkeuze,,,,,,,cs:bgggkeuze
ct:202,skos:Concept,202,colt:bgggkeuzes,,sterk kalkh. of schelph. weinig humush. fijnzand,,,,,,,,,,,,,cs:bgggkeuze,,,,,,,cs:bgggkeuze
ct:204,skos:Concept,204,colt:bgggkeuzes,,sterk kalkh. of schelph. weinig humush. leemh. fijnzand,,,,,,,,,,,,,cs:bgggkeuze,,,,,,,cs:bgggkeuze
ct:205,skos:Concept,205,colt:bgggkeuzes,,sterk kalkh. of schelph. weinig humush. zand,,,,,,,,,,,,,cs:bgggkeuze,,,,,,,cs:bgggkeuze
ct:206,skos:Concept,206,colt:bgggkeuzes,,sterk kalkh. of schelph. weinig humush. zandh. klei,,,,,,,,,,,,,cs:bgggkeuze,,,,,,,cs:bgggkeuze
ct:207,skos:Concept,207,colt:bgggkeuzes,,sterk kalkh. of schelph. weinig humush. zandh. leem,,,,,,,,,,,,,cs:bgggkeuze,,,,,,,cs:bgggkeuze
ct:208,skos:Concept,208,colt:bgggkeuzes,,sterk kalkh. of schelph. weinig kleih. fijnzand,,,,,,,,,,,,,cs:bgggkeuze,,,,,,,cs:bgggkeuze
ct:209,skos:Concept,209,colt:bgggkeuzes,,sterk kalkh. of schelph. weinig kleih. zand,,,,,,,,,,,,,cs:bgggkeuze,,,,,,,cs:bgggkeuze
ct:210,skos:Concept,210,colt:bgggkeuzes,,sterk kalkh. of schelph. weinig leemh. fijnzand,,,,,,,,,,,,,cs:bgggkeuze,,,,,,,cs:bgggkeuze
ct:211,skos:Concept,211,colt:bgggkeuzes,,sterk kalkh. of schelph. weinig leemh. zand,,,,,,,,,,,,,cs:bgggkeuze,,,,,,,cs:bgggkeuze
ct:305,skos:Concept,305,colt:bgggkeuzes,,sterk kalkh. of schelph. weinig humush. zandh. leem à zandh. klei,,,,,,,,,,,,,cs:bgggkeuze,,,,,,,cs:bgggkeuze
ct:161,skos:Concept,161,colt:bgggkeuzes,,schelph. weinig humush. weinig leemh. zand,,,,,,,,,,,,,cs:bgggkeuze,,,,,,,cs:bgggkeuze
ct:261,skos:Concept,261,colt:bgggkeuzes,,weinig humush. weinig leemh. fijnzand,,,,,,,,,,,,,cs:bgggkeuze,,,,,,,cs:bgggkeuze
ct:266,skos:Concept,266,colt:bgggkeuzes,,weinig kalkh. grind en weinig kleih. zand,,,,,,,,,,,,,cs:bgggkeuze,,,,,,,cs:bgggkeuze
ct:272,skos:Concept,272,colt:bgggkeuzes,,weinig kalkh. grindh. weinig kleih. fijnzand,,,,,,,,,,,,,cs:bgggkeuze,,,,,,,cs:bgggkeuze
ct:273,skos:Concept,273,colt:bgggkeuzes,,weinig kalkh. grindh. weinig kleih. grofzand,,,,,,,,,,,,,cs:bgggkeuze,,,,,,,cs:bgggkeuze
ct:274,skos:Concept,274,colt:bgggkeuzes,,weinig kalkh. grindh. weinig kleih. zand,,,,,,,,,,,,,cs:bgggkeuze,,,,,,,cs:bgggkeuze
ct:275,skos:Concept,275,colt:bgggkeuzes,,weinig kalkh. grindh. weinig leemh. fijnzand,,,,,,,,,,,,,cs:bgggkeuze,,,,,,,cs:bgggkeuze
ct:276,skos:Concept,276,colt:bgggkeuzes,,weinig kalkh. grindh. weinig leemh. zand,,,,,,,,,,,,,cs:bgggkeuze,,,,,,,cs:bgggkeuze
ct:287,skos:Concept,287,colt:bgggkeuzes,,weinig kalkh. humush. weinig kleih. zand,,,,,,,,,,,,,cs:bgggkeuze,,,,,,,cs:bgggkeuze
ct:288,skos:Concept,288,colt:bgggkeuzes,,weinig kalkh. humush. weinig leemh. fijnzand,,,,,,,,,,,,,cs:bgggkeuze,,,,,,,cs:bgggkeuze
ct:302,skos:Concept,302,colt:bgggkeuzes,,weinig kalkh. sterk humush. klei,,,,,,,,,,,,,cs:bgggkeuze,,,,,,,cs:bgggkeuze
ct:303,skos:Concept,303,colt:bgggkeuzes,,weinig kalkh. sterk humush. weinig kleih. of leemh. fijnzand,,,,,,,,,,,,,cs:bgggkeuze,,,,,,,cs:bgggkeuze
ct:304,skos:Concept,304,colt:bgggkeuzes,,weinig kalkh. sterk humush. zandh. klei,,,,,,,,,,,,,cs:bgggkeuze,,,,,,,cs:bgggkeuze
ct:308,skos:Concept,308,colt:bgggkeuzes,,weinig kalkh. weinig humush. fijnzand,,,,,,,,,,,,,cs:bgggkeuze,,,,,,,cs:bgggkeuze
ct:309,skos:Concept,309,colt:bgggkeuzes,,weinig kalkh. weinig humush. grind en zand,,,,,,,,,,,,,cs:bgggkeuze,,,,,,,cs:bgggkeuze
ct:310,skos:Concept,310,colt:bgggkeuzes,,weinig kalkh. weinig humush. grindh. klei,,,,,,,,,,,,,cs:bgggkeuze,,,,,,,cs:bgggkeuze
ct:311,skos:Concept,311,colt:bgggkeuzes,,weinig kalkh. weinig humush. grindh. zandh. klei,,,,,,,,,,,,,cs:bgggkeuze,,,,,,,cs:bgggkeuze
ct:312,skos:Concept,312,colt:bgggkeuzes,,weinig kalkh. weinig humush. grofzand,,,,,,,,,,,,,cs:bgggkeuze,,,,,,,cs:bgggkeuze
ct:313,skos:Concept,313,colt:bgggkeuzes,,weinig kalkh. weinig humush. klei,,,,,,,,,,,,,cs:bgggkeuze,,,,,,,cs:bgggkeuze
ct:314,skos:Concept,314,colt:bgggkeuzes,,weinig kalkh. weinig humush. kleih. fijnzand,,,,,,,,,,,,,cs:bgggkeuze,,,,,,,cs:bgggkeuze
ct:315,skos:Concept,315,colt:bgggkeuzes,,weinig kalkh. weinig humush. leem,,,,,,,,,,,,,cs:bgggkeuze,,,,,,,cs:bgggkeuze
ct:316,skos:Concept,316,colt:bgggkeuzes,,weinig kalkh. weinig humush. leemh. fijnzand,,,,,,,,,,,,,cs:bgggkeuze,,,,,,,cs:bgggkeuze
ct:317,skos:Concept,317,colt:bgggkeuzes,,weinig kalkh. weinig humush. leemh. zand,,,,,,,,,,,,,cs:bgggkeuze,,,,,,,cs:bgggkeuze
ct:318,skos:Concept,318,colt:bgggkeuzes,,weinig kalkh. weinig humush. weinig kleih. fijnzand,,,,,,,,,,,,,cs:bgggkeuze,,,,,,,cs:bgggkeuze
ct:319,skos:Concept,319,colt:bgggkeuzes,,weinig kalkh. weinig humush. weinig kleih. grofzand,,,,,,,,,,,,,cs:bgggkeuze,,,,,,,cs:bgggkeuze
ct:320,skos:Concept,320,colt:bgggkeuzes,,weinig kalkh. weinig humush. weinig leemh. fijnzand,,,,,,,,,,,,,cs:bgggkeuze,,,,,,,cs:bgggkeuze
ct:321,skos:Concept,321,colt:bgggkeuzes,,weinig kalkh. weinig humush. zand,,,,,,,,,,,,,cs:bgggkeuze,,,,,,,cs:bgggkeuze
ct:322,skos:Concept,322,colt:bgggkeuzes,,weinig kalkh. weinig humush. zandh. klei,,,,,,,,,,,,,cs:bgggkeuze,,,,,,,cs:bgggkeuze
ct:323,skos:Concept,323,colt:bgggkeuzes,,weinig kalkh. weinig humush. zandh. leem,,,,,,,,,,,,,cs:bgggkeuze,,,,,,,cs:bgggkeuze
ct:324,skos:Concept,324,colt:bgggkeuzes,,weinig kalkh. weinig kleih. grofzand,,,,,,,,,,,,,cs:bgggkeuze,,,,,,,cs:bgggkeuze
ct:325,skos:Concept,325,colt:bgggkeuzes,,weinig kalkh. weinig kleih. zand,,,,,,,,,,,,,cs:bgggkeuze,,,,,,,cs:bgggkeuze
ct:326,skos:Concept,326,colt:bgggkeuzes,,weinig kalkh. weinig kleih. zand met grind,,,,,,,,,,,,,cs:bgggkeuze,,,,,,,cs:bgggkeuze
ct:327,skos:Concept,327,colt:bgggkeuzes,,weinig kalkh. weinig leemh. fijnzand,,,,,,,,,,,,,cs:bgggkeuze,,,,,,,cs:bgggkeuze
ct:328,skos:Concept,328,colt:bgggkeuzes,,weinig kalkh. weinig leemh. fijnzand met grind,,,,,,,,,,,,,cs:bgggkeuze,,,,,,,cs:bgggkeuze
ct:329,skos:Concept,329,colt:bgggkeuzes,,weinig kalkh. weinig leemh. grofzand,,,,,,,,,,,,,cs:bgggkeuze,,,,,,,cs:bgggkeuze
ct:330,skos:Concept,330,colt:bgggkeuzes,,weinig kalkh. weinig leemh. grofzand met grind,,,,,,,,,,,,,cs:bgggkeuze,,,,,,,cs:bgggkeuze
ct:331,skos:Concept,331,colt:bgggkeuzes,,weinig kalkh. weinig leemh. of kleih. fijnzand,,,,,,,,,,,,,cs:bgggkeuze,,,,,,,cs:bgggkeuze
ct:332,skos:Concept,332,colt:bgggkeuzes,,weinig kalkh. weinig leemh. of weinig kleih. fijnzand,,,,,,,,,,,,,cs:bgggkeuze,,,,,,,cs:bgggkeuze
ct:1020,skos:Concept,1020,colt:bgggkeuzes,,kalkh. sterk humush. weinig plastisch leem of silt,,,,,,,,,,,,,cs:bgggkeuze,,,,,,,cs:bgggkeuze
ct:1021,skos:Concept,1021,colt:bgggkeuzes,,kalkh. weinig leemh. fijnzand à weinig plastisch zandh. leem of zandh. silt,,,,,,,,,,,,,cs:bgggkeuze,,,,,,,cs:bgggkeuze
ct:1022,skos:Concept,1022,colt:bgggkeuzes,,kalkh. sterk humush. weinig plastisch zandh. leem of zandh. silt,,,,,,,,,,,,,cs:bgggkeuze,,,,,,,cs:bgggkeuze
ct:1354,skos:Concept,1354,colt:bgggkeuzes,,sterk kalkh. of schelph. sterk humush. klei,,,,,,,,,,,,,cs:bgggkeuze,,,,,,,cs:bgggkeuze
ct:1353,skos:Concept,1353,colt:bgggkeuzes,,sterk kalkh. of schelph. grindh. grofzand,,,,,,,,,,,,,cs:bgggkeuze,,,,,,,cs:bgggkeuze
ct:1355,skos:Concept,1355,colt:bgggkeuzes,,schelpengruish. zand,,,,,,,,,,,,,cs:bgggkeuze,,,,,,,cs:bgggkeuze
ct:1356,skos:Concept,1356,colt:bgggkeuzes,,sterk schelpengruish. zand,,,,,,,,,,,,,cs:bgggkeuze,,,,,,,cs:bgggkeuze
ct:1357,skos:Concept,1357,colt:bgggkeuzes,,weinig humush. weinig kalkh. grind en weinig kleih. zand,,,,,,,,,,,,,cs:bgggkeuze,,,,,,,cs:bgggkeuze
ct:1358,skos:Concept,1358,colt:bgggkeuzes,,weinig humush. weinig kalkh. klei,,,,,,,,,,,,,cs:bgggkeuze,,,,,,,cs:bgggkeuze
ct:1392,skos:Concept,1392,colt:bgggkeuzes,,glauconieth. zand,,,,,,,,,,,,,cs:bgggkeuze,,,,,,,cs:bgggkeuze
ct:1593,skos:Concept,1593,colt:bgggkeuzes,,grindh. leemh. grofzand à zandh. leem,,,,,,,,,,,,,cs:bgggkeuze,,,,,,,cs:bgggkeuze
ct:1594,skos:Concept,1594,colt:bgggkeuzes,,grindh. weinig leemh. zand à weinig plastisch zandh. leem of zandh. silt,,,,,,,,,,,,,cs:bgggkeuze,,,,,,,cs:bgggkeuze
ct:1595,skos:Concept,1595,colt:bgggkeuzes,,sterk kalkh. of schelph. grindh. kleih. grofzand,,,,,,,,,,,,,cs:bgggkeuze,,,,,,,cs:bgggkeuze
ct:1596,skos:Concept,1596,colt:bgggkeuzes,,sterk kalkh. of schelph. weinig kleih. grofzand,,,,,,,,,,,,,cs:bgggkeuze,,,,,,,cs:bgggkeuze
ct:1597,skos:Concept,1597,colt:bgggkeuzes,,sterk kalkh. of schelph. grindh. weinig kleih. grofzand,,,,,,,,,,,,,cs:bgggkeuze,,,,,,,cs:bgggkeuze
ct:1598,skos:Concept,1598,colt:bgggkeuzes,,sterk kalkh. en schelph. weinig humush. zandh. klei,,,,,,,,,,,,,cs:bgggkeuze,,,,,,,cs:bgggkeuze
ct:1599,skos:Concept,1599,colt:bgggkeuzes,,sterk schelph. grofzand,,,,,,,,,,,,,cs:bgggkeuze,,,,,,,cs:bgggkeuze
ct:1600,skos:Concept,1600,colt:bgggkeuzes,,weinig humush. grindh. zandh. klei,,,,,,,,,,,,,cs:bgggkeuze,,,,,,,cs:bgggkeuze
ct:1601,skos:Concept,1601,colt:bgggkeuzes,,weinig kleih. fijnzand à zandh. silt,,,,,,,,,,,,,cs:bgggkeuze,,,,,,,cs:bgggkeuze
ct:1602,skos:Concept,1602,colt:bgggkeuzes,,weinig kalkh. grind en grofzand,,,,,,,,,,,,,cs:bgggkeuze,,,,,,,cs:bgggkeuze
ct:1603,skos:Concept,1603,colt:bgggkeuzes,,weinig kalkh. fijn grind en grofzand,,,,,,,,,,,,,cs:bgggkeuze,,,,,,,cs:bgggkeuze
ct:1604,skos:Concept,1604,colt:bgggkeuzes,,zandh. leem met grind,,,,,,,,,,,,,cs:bgggkeuze,,,,,,,cs:bgggkeuze
ct:1605,skos:Concept,1605,colt:bgggkeuzes,,kalkh. zandh leem à kalkh. leemh. fijnzand,,,,,,,,,,,,,cs:bgggkeuze,,,,,,,cs:bgggkeuze
ct:1606,skos:Concept,1606,colt:bgggkeuzes,,zandh. klei met grind,,,,,,,,,,,,,cs:bgggkeuze,,,,,,,cs:bgggkeuze
ct:1607,skos:Concept,1607,colt:bgggkeuzes,,weinig kalkh. zandh. weinig plastisch leem of silt,,,,,,,,,,,,,cs:bgggkeuze,,,,,,,cs:bgggkeuze
ct:1608,skos:Concept,1608,colt:bgggkeuzes,,zand met grind,,,,,,,,,,,,,cs:bgggkeuze,,,,,,,cs:bgggkeuze
ct:1609,skos:Concept,1609,colt:bgggkeuzes,,kalkh. humush. leemh. zand,,,,,,,,,,,,,cs:bgggkeuze,,,,,,,cs:bgggkeuze
ct:1610,skos:Concept,1610,colt:bgggkeuzes,,weinig kalkh. fijn grind en zand,,,,,,,,,,,,,cs:bgggkeuze,,,,,,,cs:bgggkeuze
ct:1611,skos:Concept,1611,colt:bgggkeuzes,,kalkh. leemh. zand met grind,,,,,,,,,,,,,cs:bgggkeuze,,,,,,,cs:bgggkeuze
ct:1612,skos:Concept,1612,colt:bgggkeuzes,,weinig kalkh. weinig kleih. fijnzand à zandh. leem,,,,,,,,,,,,,cs:bgggkeuze,,,,,,,cs:bgggkeuze
ct:1613,skos:Concept,1613,colt:bgggkeuzes,,weinig humush. weinig kleih. fijnzand,,,,,,,,,,,,,cs:bgggkeuze,,,,,,,cs:bgggkeuze
ct:1615,skos:Concept,1615,colt:bgggkeuzes,,weinig kalkh. grind en zand,,,,,,,,,,,,,cs:bgggkeuze,,,,,,,cs:bgggkeuze
ct:1616,skos:Concept,1616,colt:bgggkeuzes,,weinig kalkh. kleih. zand met grind,,,,,,,,,,,,,cs:bgggkeuze,,,,,,,cs:bgggkeuze
ct:1617,skos:Concept,1617,colt:bgggkeuzes,,weinig kalkh. humush. weinig kleih. fijnzand,,,,,,,,,,,,,cs:bgggkeuze,,,,,,,cs:bgggkeuze
ct:1618,skos:Concept,1618,colt:bgggkeuzes,,grindh. weinig leemh. fijnzand,,,,,,,,,,,,,cs:bgggkeuze,,,,,,,cs:bgggkeuze
ct:1619,skos:Concept,1619,colt:bgggkeuzes,,kalkh. fijn grind en zandh. klei,,,,,,,,,,,,,cs:bgggkeuze,,,,,,,cs:bgggkeuze
ct:1620,skos:Concept,1620,colt:bgggkeuzes,,kalkh. weinig humush. grindh. leemh. fijnzand,,,,,,,,,,,,,cs:bgggkeuze,,,,,,,cs:bgggkeuze
ct:1621,skos:Concept,1621,colt:bgggkeuzes,,humush. weinig leemh. fijnzand,,,,,,,,,,,,,cs:bgggkeuze,,,,,,,cs:bgggkeuze
ct:1623,skos:Concept,1623,colt:bgggkeuzes,,weinig kleih. weinig humush. weinig kalkh. fijnzand à zandh. silt,,,,,,,,,,,,,cs:bgggkeuze,,,,,,,cs:bgggkeuze
ct:1685,skos:Concept,1685,colt:bgggkeuzes,,sterk kalkh. fijnzand à zand,,,,,,,,,,,,,cs:bgggkeuze,,,,,,,cs:bgggkeuze
ct:1686,skos:Concept,1686,colt:bgggkeuzes,,zandh. silt,,,,,,,,,,,,,cs:bgggkeuze,,,,,,,cs:bgggkeuze
ct:1687,skos:Concept,1687,colt:bgggkeuzes,,weinig kleih. à leemh. fijnzand,,,,,,,,,,,,,cs:bgggkeuze,,,,,,,cs:bgggkeuze
ct:1689,skos:Concept,1689,colt:bgggkeuzes,,kalkh. silt,,,,,,,,,,,,,cs:bgggkeuze,,,,,,,cs:bgggkeuze
ct:1690,skos:Concept,1690,colt:bgggkeuzes,,sterk kalkh. of schelph. klei,,,,,,,,,,,,,cs:bgggkeuze,,,,,,,cs:bgggkeuze
ct:1691,skos:Concept,1691,colt:bgggkeuzes,,kalkh. zandh. silt,,,,,,,,,,,,,cs:bgggkeuze,,,,,,,cs:bgggkeuze
ct:1692,skos:Concept,1692,colt:bgggkeuzes,,sterk kalkh. humush. kleih. fijnzand,,,,,,,,,,,,,cs:bgggkeuze,,,,,,,cs:bgggkeuze
ct:1693,skos:Concept,1693,colt:bgggkeuzes,,weinig kalkh. sterk humush. weinig leemh. fijnzand,,,,,,,,,,,,,cs:bgggkeuze,,,,,,,cs:bgggkeuze
ct:1694,skos:Concept,1694,colt:bgggkeuzes,,kalkh. weinig zandh. leem,,,,,,,,,,,,,cs:bgggkeuze,,,,,,,cs:bgggkeuze
ct:1688,skos:Concept,1688,colt:bgggkeuzes,,kalkh. weinig kleih. fijnzand à kalkh. zandh. silt,,,,,,,,,,,,,cs:bgggkeuze,,,,,,,cs:bgggkeuze
ct:1695,skos:Concept,1695,colt:bgggkeuzes,,kalkh. leemh. à kleih. fijnzand,,,,,,,,,,,,,cs:bgggkeuze,,,,,,,cs:bgggkeuze
ct:1696,skos:Concept,1696,colt:bgggkeuzes,,weinig leemh. grofzand à weinig plastisch zandh. leem of zandh. silt,,,,,,,,,,,,,cs:bgggkeuze,,,,,,,cs:bgggkeuze
ct:1734,skos:Concept,1734,colt:bgggkeuzes,,sterk kalkh. schelph. weinig kleih. fijnzand,,,,,,,,,,,,,cs:bgggkeuze,,,,,,,cs:bgggkeuze
ct:1735,skos:Concept,1735,colt:bgggkeuzes,,sterk kalkh. schelph. kleih. zand,,,,,,,,,,,,,cs:bgggkeuze,,,,,,,cs:bgggkeuze
ct:1736,skos:Concept,1736,colt:bgggkeuzes,,sterk kalkh. schelph. zand,,,,,,,,,,,,,cs:bgggkeuze,,,,,,,cs:bgggkeuze
ct:1737,skos:Concept,1737,colt:bgggkeuzes,,sterk kalkh. schelph. fijnzand,,,,,,,,,,,,,cs:bgggkeuze,,,,,,,cs:bgggkeuze
ct:1738,skos:Concept,1738,colt:bgggkeuzes,,sterk humush. kalkh. weinig leemh. fijnzand,,,,,,,,,,,,,cs:bgggkeuze,,,,,,,cs:bgggkeuze
ct:1744,skos:Concept,1744,colt:bgggkeuzes,,kalkh. zandh. leem à kalkh. leemh. fijnzand,,,,,,,,,,,,,cs:bgggkeuze,,,,,,,cs:bgggkeuze
ct:1745,skos:Concept,1745,colt:bgggkeuzes,,kalkh. leemh. fijnzand met grind,,,,,,,,,,,,,cs:bgggkeuze,,,,,,,cs:bgggkeuze
ct:1746,skos:Concept,1746,colt:bgggkeuzes,,grof grind of stenen,,,,,,,,,,,,,cs:bgggkeuze,,,,,,,cs:bgggkeuze
ct:1747,skos:Concept,1747,colt:bgggkeuzes,,weinig humush. kalksteen,,,,,,,,,,,,,cs:bgggkeuze,,,,,,,cs:bgggkeuze
ct:1748,skos:Concept,1748,colt:bgggkeuzes,,sterk kalkh. veen,,,,,,,,,,,,,cs:bgggkeuze,,,,,,,cs:bgggkeuze
ct:1749,skos:Concept,1749,colt:bgggkeuzes,,kalkh. weinig zandh. klei à leem,,,,,,,,,,,,,cs:bgggkeuze,,,,,,,cs:bgggkeuze
ct:1750,skos:Concept,1750,colt:bgggkeuzes,,humush. weinig zandh. klei,,,,,,,,,,,,,cs:bgggkeuze,,,,,,,cs:bgggkeuze
ct:1751,skos:Concept,1751,colt:bgggkeuzes,,weinig schelph. weinig zandh. klei à leem,,,,,,,,,,,,,cs:bgggkeuze,,,,,,,cs:bgggkeuze
ct:1752,skos:Concept,1752,colt:bgggkeuzes,,kleih. zand à leem,,,,,,,,,,,,,cs:bgggkeuze,,,,,,,cs:bgggkeuze
ct:1753,skos:Concept,1753,colt:bgggkeuzes,,kleih. à leemh. fijnzand,,,,,,,,,,,,,cs:bgggkeuze,,,,,,,cs:bgggkeuze
ct:1754,skos:Concept,1754,colt:bgggkeuzes,,humush. zandh. klei à leem,,,,,,,,,,,,,cs:bgggkeuze,,,,,,,cs:bgggkeuze
ct:1755,skos:Concept,1755,colt:bgggkeuzes,,grindh. zandh. klei à leem,,,,,,,,,,,,,cs:bgggkeuze,,,,,,,cs:bgggkeuze
ct:1756,skos:Concept,1756,colt:bgggkeuzes,,weinig schelph. zand,,,,,,,,,,,,,cs:bgggkeuze,,,,,,,cs:bgggkeuze
ct:1757,skos:Concept,1757,colt:bgggkeuzes,,zandh. klei à leem,,,,,,,,,,,,,cs:bgggkeuze,,,,,,,cs:bgggkeuze
ct:1758,skos:Concept,1758,colt:bgggkeuzes,,schelph. leemh. zand à zandh. leem,,,,,,,,,,,,,cs:bgggkeuze,,,,,,,cs:bgggkeuze
